Produk,Harga,Lokasi,Toko,Rating,Terjual
Offical realme Note 50 HP 4GB+128GB 90Hz Vivid Display | Mini Capsule - Midnight Black,Rp1.503.000,,,4.9,
realme C63 6GB+6GB* | 128GB 45W Fast Charge| 5000mAh Durable Battery | AI Boost Engine | 90Hz Eye Comfort Display |  50MP AI Camera - Jade Green,Rp1.940.000,,,4.9,
Offical realme Note 50 HP 4GB+4GB*|64GB 90Hz Display | Mini Capsule - Midnight Black,Rp1.309.000,,,5.0,
"vivo Y35 (8/128) - RAM 8GB+8GB Extended, 44W FlashCharge+5000mAh",Rp1.872.000,vivo Indonesia,vivo Indonesia,4.9,1rb+ terjual
VIVO Y17 6/128 GB GARANSI 1 TAHUN,Rp697.000,Happy Phone ID,Happy Phone ID,5.0,6 terjual
Infinix Note 40 8/256GB - Garansi Resmi 1 Tahun,Rp2.323.000,SONIC Gadgets,SONIC Gadgets,5.0,100+ terjual
Apple iPhone X- 256GB 100% ORIGINAL (GARANSI 1 Tahun),Rp2.778.000,BLIZT APPLE STORE,BLIZT APPLE STORE,4.9,500+ terjual
Apple iPhone Xs 256GB Original (Garansi 1 Tahun),Rp2.998.000,BLIZT APPLE STORE,BLIZT APPLE STORE,4.9,250+ terjual
Samsung Galaxy A15 LTE 8/128 GB + 8/256 GB Garansi Resmi SEIN,Rp2.394.000,duniagadgetku,duniagadgetku,4.9,2rb+ terjual
Xiaomi Poco C65 NFC 16GB 256GB (8+8/256) + 12GB 128GB (6+6/128) New Original Garansi Resmi,Rp1.388.000,CA Shop,CA Shop,5.0,100+ terjual
OPPO A18 4/128 GB Garansi Resmi 4 128 GB Black Blue,Rp1.367.000,Digitalisme,Digitalisme,5.0,250+ terjual
Infinix Note 40 8/256GB Garansi Resmi,Rp2.599.000,CELLULAR-WORLD,CELLULAR-WORLD,5.0,50+ terjual
Samsung Galaxy A05 4/64GB + 4/128GB + 6/128 GB Garansi Resmi,Rp1.198.000,duniagadgetku,duniagadgetku,5.0,1rb+ terjual
iPhone 13 128GB Silent Fullset Original100% Second Mulus LikeNew 3utoolsAllGreen (Garansi 1Bulan),Rp6.698.000,CoCo apple store,CoCo apple store,4.6,13 terjual
Offical realme Note 50 HP 4GB+4GB*|64GB 90Hz Display | Mini Capsule,Rp1.309.000,realme Official Store,realme Official Store,5.0,500+ terjual
XIAOMI REDMI 13C RAM 8/256GB GARANSI 12 BULAN FULLSET,Rp1.179.000,Zhufu jian,Zhufu jian,5.0,100+ terjual
"vivo iQOO Z7 (12/256) - SDM 782G, 120W FlashCharge + 5000mAh, 64MP OIS",Rp3.686.000,vivo Indonesia,vivo Indonesia,4.9,5rb+ terjual
OPPO A60 8GB+256GB - Garansi Resmi,Rp2.211.000,SONIC Gadgets,SONIC Gadgets,5.0,30+ terjual
Infinix Note 40 Pro 8/256GB G99 Ultimate Garansi Resmi Not Hot 30 i,Rp2.506.000,Digitech Mall,Digitech Mall,4.9,500+ terjual
Infinix Note 40 8/256GB - Up to 16GB Extended RAM - Helio G99 - 6.78”,Rp2.499.000,Infinix Official Store,Infinix Official Store,4.9,1rb+ terjual
Infinix Note 40 8+256GB [+8Gb Extended RAM] Original Garansi Resmi,Rp2.371.000,TOPSELL OFFICIAL,TOPSELL OFFICIAL,4.9,100+ terjual
Infinix Note 40 Pro 8/256GB - Up to 16GB Extended RAM - Helio G99,Rp3.099.000,Infinix Official Store,Infinix Official Store,4.9,1rb+ terjual
Samsung A05 4/64 Garansi Resmi,Rp1.176.610,ACS,ACS,5.0,1rb+ terjual
Xiaomi Redmi 13C 6/128GB | 8/256GB Original Garansi Resmi Xiaomi,Rp1.469.000,TOPSELL OFFICIAL,TOPSELL OFFICIAL,5.0,16 terjual
"Infinix GT 20 Pro 5G 12/256GB - Up to 24GB Extended RAM - Dimensity 8200 Ultimate - 6.78"" Amoled FHD+ 144Hz - 108MP - NFC",Rp4.449.000,Infinix Official Store,Infinix Official Store,4.9,750+ terjual
HP SAMSUNG GALAXY A24 8/128 GB - A 24 RAM 8GB ROM 128GB GARANSI RESMI,Rp2.595.000,Cahaya Store Cell,Cahaya Store Cell,4.8,90+ terjual
Xiaomi Redmi 13C 6/128Gb | 8/256Gb Garansi Resmi,Rp1.450.000,Global Teleshop,Global Teleshop,5.0,250+ terjual
Infinix Zero 30 4G 8/256GB – Up to 16 GB - 120Hz - 8/256 Garansi Resmi,Rp2.649.000,Infinix Official Store,Infinix Official Store,4.9,1rb+ terjual
INFINIX HANDPHONE GT 20 Pro 256/12 GARANSI RESMI,Rp4.449.000,GIMU GIMU MOBILE,GIMU GIMU MOBILE,5.0,50+ terjual
［Sinyal Permanen］GOOGLE PIXEL 6/6PRO SECOND ORIGINALGOOGLE PIXEL 6 Pro BEKAS 5G,Rp3.650.000,oscar68,oscar68,4.5,30+ terjual
Samsung Galaxy M15 5G 6/128 GB Garansi Resmi - not M14 5G A14 A15 5G,Rp2.316.000,Indotechstore,Indotechstore,4.9,70+ terjual
"vivo Y17s (4/64) - 50MP Camera, 15W FlashCharge+5000mAH - Glitter Purple",Rp1.299.000,vivo Indonesia,vivo Indonesia,5.0,2rb+ terjual
iPhone 13 Series 256GB/512GB/128GB ALL SIM SILENT BEKAS SECOND ORIGINAL100% | MULUS 13 FULLSET Apple 13 Normal LIKE NEW 3UTOOLS ALL GREEN,Rp7.208.000,BLIZT APPLE STORE,BLIZT APPLE STORE,5.0,8 terjual
Infinix Hot 40i 8/256GB - Up to 16GB Extended RAM - Unisoc T606,Rp1.669.000,Infinix Official Store,Infinix Official Store,4.9,750+ terjual
Infinix Hot 40 Pro 8/256GB - Up to 16GB Extended RAM - Helio G99,Rp2.099.000,Infinix Official Store,Infinix Official Store,4.9,1rb+ terjual
"PROMO...( INFINIX NOTE 30 8/256gb FULLSET ) - Orange, 8/256gb",Rp1.980.000,JAYA-MANDIRI ELEKTRONIK,JAYA-MANDIRI ELEKTRONIK,4.8,70+ terjual
Samsung Galaxy A05S 6/128 GB 4/64 GB Garansi Resmi not A04s A05 A03s,Rp1.892.000,Digitech Mall,Digitech Mall,4.9,750+ terjual
NEW PROMO...( INFINIX NOTE 30 8/256gb FULLSET ),Rp2.018.750,FAMILY GAME,FAMILY GAME,4.4,50+ terjual
Xiaomi Redmi 13C 6/128 GB - Garansi Resmi Xiaomi Indonesia,Rp1.455.000,Universe Store,Universe Store,5.0,100+ terjual
"Infinix Smart 8 Pro 4/256GB - 6.6""  Display - Helio G36 - 5000 mAh",Rp1.399.000,Infinix Official Store,Infinix Official Store,5.0,1rb+ terjual
Oppo A78 5G / LTE 8/256 GB Garansi Resmi Not Oppo A57 A77s A76 A17,Rp2.633.000,Distributor Ponsel,Distributor Ponsel,5.0,750+ terjual
SAMSUNG A05 6/128 GB SAMSUNG A05 4/128 GB SAMSUNG A05 4/64 GB RESMI,Rp1.499.000,STR-STORE,STR-STORE,4.9,100+ terjual
OPPO A60 RAM 8/128GB NFC | OPPO A 60 NFC RAM 8/256GB GARANSI RESMI OPPO INDONESIA,Rp2.099.000,HERO PONSEL.,HERO PONSEL.,5.0,100+ terjual
"Samsung Galaxy A15 4G LTE 8GB/128GB 8GB/256GB Garansi Resmi SEIN - Promo Yellow, 8/128GB",Rp2.355.000,New RumahApple,New RumahApple,5.0,10 terjual
XIAOMI REDMI 6A RAM 3/32 GB,Rp499.000,gadget77store,gadget77store,4.7,500+ terjual
INFINIX ZERO 30 4G 5G 8/256GB 12/256GB GARANSI RESMI,Rp2.600.000,MEGA store bogor,MEGA store bogor,4.9,27 terjual
［Sinyal Permanen］GOOGLE PIXEL 7/GOOGLE PIXEL 7 PRO 5G 12-128GB SECOND ORIGNAL,Rp4.455.000,oscar68,oscar68,4.1,19 terjual
SAMSUNG GALAXY A14 RAM 6/128 GB - GARANSI 1 TAHUN,Rp1.195.000,Zhufu jian,Zhufu jian,4.3,9 terjual
Samsung Galaxy A55 8/128GB 8/256GB 12/512GB,Rp5.189.500,Myfon Teleshop Official,Myfon Teleshop Official,4.9,500+ terjual
Samsung Galaxy A05 (6/128 / 4/128 / 4/64) Garansi Resmi Sein,Rp1.999.000,Ini Toko Budi,Ini Toko Budi,5.0,1rb+ terjual
Infinix Note 40 Pro 5G 8/256GB - Up to 16GB Extended RAM - Dimensity 7020 - 6.78” FHD+ 3D Curved Amoled - 108MP OIS - 45W Charger - NFC,Rp3.599.000,Infinix Official Store,Infinix Official Store,4.9,1rb+ terjual
Infinix Hot 40 Pro 12/256GB - Helio G99 - 6.78” FHD+ - 5000 mAh - NFC,Rp2.279.000,Infinix Official Store,Infinix Official Store,4.9,1rb+ terjual
Infinix Note 40 [8/256 GB] Garansi Resmi Infinix Indonesia 1 Tahun,Rp2.328.000,duniagadgetku,duniagadgetku,4.9,4rb+ terjual
Samsung A05 4/64GB & 4/128GB & 6/128GB Garansi Resmi 1 Tahun,Rp1.201.900,BintangTimurSelindo,BintangTimurSelindo,5.0,100+ terjual
Samsung Galaxy A15 4G (8/256Gb / 8/128Gb) Garansi Resmi Sein New,Rp2.394.930,Ini Toko Budi,Ini Toko Budi,4.8,2rb+ terjual
Samsung Galaxy A55 5G 12/256 GB 8/256 GB A55 Garansi Resmi Not A34 A35,Rp5.133.000,Distributor Ponsel,Distributor Ponsel,4.9,1rb+ terjual
Official Xiaomi Redmi Note 13 (8GB/128GB) | (8GB/256GB) | Layar 120 Hz FHD+ AMOLED Tiga kamera 108 MP Prosesor Snapdragon 685,Rp2.199.000,Xiaomi Official Store,Xiaomi Official Store,4.9,2rb+ terjual
Official Xiaomi Redmi 13C | Tiga kamera AI 50 MP 16 GB RAM* Layar Dot ,Rp1.499.000,Xiaomi Official Store,Xiaomi Official Store,4.9,8rb+ terjual
Samsung Galaxy A55 5G 8/256GB,Rp5.749.000,Samsung Official Store,Samsung Official Store,4.9,2rb+ terjual
Vivo V30 5G 8/256GB + 12/512GB Garansi Resmi Vivo Indonesia,Rp4.947.000,duniagadgetku,duniagadgetku,5.0,750+ terjual
Samsung Galaxy A55 5G 8/256 GB - Garansi Resmi SEIN,Rp5.287.000,Wahana Selular,Wahana Selular,5.0,250+ terjual
Vivo Y28 NFC 6/128 GB + 8/128 GB + 8/256 GB Garansi Resmi,Rp2.000.000,duniagadgetku,duniagadgetku,5.0,500+ terjual
Samsung Galaxy A05 4/64GB 4/128GB 6/128GB,Rp1.130.000,Myfon Teleshop Official,Myfon Teleshop Official,5.0,3rb+ terjual
"Infinix Smart 8 3/64GB - Up to 6GB RAM - 6.6"" Magic Ring - 5000 mAh ",Rp1.079.000,Infinix Official Store,Infinix Official Store,4.9,750+ terjual
Xiaomi Redmi A3 4+128GB Original Garansi Resmi 15 Bulan,Rp1.175.000,TOPSELL OFFICIAL,TOPSELL OFFICIAL,4.9,23 terjual
Xiaomi Poco X5 5G 6/128GB + 8/256 GB Garansi Resmi,Rp2.812.000,duniagadgetku,duniagadgetku,5.0,1rb+ terjual
Infinix Note 40 Pro 5G 8+256GB [+8GB Extended RAM] Garansi Resmi,Rp3.389.000,TOPSELL OFFICIAL,TOPSELL OFFICIAL,5.0,40+ terjual
"Official Xiaomi Redmi Note 13 Pro 5G (8GB/256GB) | (12GB/512GB) | Snapdragon 7s Gen 2 Kamera 200 MP ultra-jernih dengan OIS Layar AMOLED 1,5K 120 Hz",Rp4.399.000,Xiaomi Official Store,Xiaomi Official Store,4.9,2rb+ terjual
Samsung Galaxy A05s 6/128 GB Garansi Resmi,Rp1.877.000,duniagadgetku,duniagadgetku,4.9,3rb+ terjual
Samsung A35 5G 8/128GB 8/256GB,Rp4.322.000,Myfon Teleshop Official,Myfon Teleshop Official,5.0,250+ terjual
Xiaomi Redmi Note 13 4G | Redmi Note 13 5G 8/256 GB Garansi Resmi,Rp2.101.000,duniagadgetku,duniagadgetku,5.0,1rb+ terjual
Infinix Hot 40 Pro 8+256GB [+8Gb Extended RAM] Garansi Resmi Indonesia,Rp1.989.000,TOPSELL OFFICIAL,TOPSELL OFFICIAL,5.0,100+ terjual
Vivo Y100 5G 8GB 128GB 256GB 8/128 8/256 / 4G Garansi Resmi,Rp2.646.000,Digitech Mall,Digitech Mall,4.9,250+ terjual
HP Samsung Galaxy A14 RAM 4/64GB Smartphone 5G Dengan fungsi NFC,Rp1.280.000,hp reno11 pro,hp reno11 pro,4.9,22 terjual
Samsung Galaxy Z Fold6 Fold 6 5G 12/256GB 12/512GB 12/1TB Garansi Resmi,Rp23.087.000,New RumahApple,New RumahApple,,
Google Pixel 6a - 6/128 - BNIB - Resmi pajak IMEI terdaftar bea cukai,Rp4.950.300,fortis fortuna adiuvat,fortis fortuna adiuvat,5.0,90+ terjual
"vivo Y36 (8/256) - 44W FlashCharge+5000mAh, NFC Multifunctions",Rp2.260.000,vivo Indonesia,vivo Indonesia,4.9,250+ terjual
Apple iPhone Xs 256GB All Sim Silent Original Mulus 3utools All Green,Rp3.008.000,CoCo apple store,CoCo apple store,5.0,100+ terjual
(RESMI) Samsung Galaxy A05 4/64GB 4/128GB 6/128GB Black Green SIlver,Rp1.176.000,Putra Group,Putra Group,5.0,250+ terjual
Xiaomi Redmi Note 13 5G / LTE 8/256 GB Garansi Resmi 8 256 GB Not 12,Rp2.204.000,Distributor Ponsel,Distributor Ponsel,4.9,1rb+ terjual
Samsung Galaxy A15 LTE 8/128GB,Rp2.617.500,Samsung Official Store,Samsung Official Store,4.9,2rb+ terjual
Redmi Note 13 Pro 5G 8/256 | 4G 8/256 GB Garansi Resmi Xiaomi Not 12,Rp3.505.000,Digitech Mall,Digitech Mall,4.9,750+ terjual
"vivo iQOO Z7 (12/256) - SDM 782G, 120W FlashCharge + 5000mAh, 64MP OIS",Rp3.686.000,vivo Indonesia,vivo Indonesia,4.9,5rb+ terjual
INFINIX HOT 30i 8/128GB GARANSI RESMI INFINIX,Rp1.550.000,smart cell's,smart cell's,4.9,30+ terjual
Xiaomi Poco M6 Pro 5G 8/256 GB Garansi Resmi,Rp2.807.000,New RumahApple,New RumahApple,5.0,11 terjual
"REDMI 13C NFC 8/256GB 6/128GB GARANSI RESMI - BLACK, 8/256GB",Rp1.775.000,MEGA store bogor,MEGA store bogor,5.0,40+ terjual
VIVO Y36 5G NFC 8/256GB GARANSI RESMI VIVO INDONESIA,Rp2.599.000,smart cell's,smart cell's,5.0,22 terjual
Samsung Galaxy S22 Ultra 5G 256GB 512GB Resmi Sein,Rp12.999.000,T2 Shop,T2 Shop,4.9,50+ terjual
Xiaomi Poco C65 [6GB+128GB] [8GB+256GB] Garansi Resmi 1 Tahun,Rp1.386.200,BintangTimurSelindo,BintangTimurSelindo,5.0,18 terjual
Samsung Galaxy M54 5G 8/256GB,Rp3.999.000,Samsung Official Store,Samsung Official Store,4.9,500+ terjual
Samsung Galaxy S24 Plus - Garansi Resmi,Rp14.964.500,jikalaku,jikalaku,5.0,100+ terjual
Infinix GT 20 Pro 5G 8/256 GB [RAM 8+8 Extend] Garansi Resmi,Rp3.879.000,duniagadgetku,duniagadgetku,5.0,100+ terjual
Xiaomi Redmi 12 Ram 8/256 GB ,Rp1.570.000,Sevvan Cell,Sevvan Cell,5.0,100+ terjual
RESMI Poco C65 6/128 8/256 Helio G85 Garansi Resmi Xiaomi 128GB 256GB,Rp1.392.000,Digitech Mall,Digitech Mall,5.0,1rb+ terjual
Vivo V30 Pro 12/512 GB - Vivo V30 8/256 GB Garansi Resmi Not V29 V29e ,Rp4.901.000,Distributor Ponsel,Distributor Ponsel,4.9,750+ terjual
Samsung Galaxy A55 5G 8/256GB + 12/256GB Garansi Resmi Sein 1 Tahun,Rp5.247.000,36shop,36shop,5.0,250+ terjual
Samsung Galaxy A35 5G 8/256 GB 8/128 GB A 35 Garansi Resmi Not A24 A34,Rp4.332.000,Distributor Ponsel,Distributor Ponsel,5.0,1rb+ terjual
Samsung Galaxy S24 Ultra 12/256GB | 12/512GB | 12/1TB Garansi Resmi,Rp18.504.000,Studio Ponsel,Studio Ponsel,5.0,500+ terjual
"Samsung Galaxy A25 5G / LTE 8/256 GB Garansi Resmi A 25 5G Not A24 A15 - A25 8/128 PROMO, Non Bundle",Rp3.312.000,Distributor Ponsel,Distributor Ponsel,5.0,1rb+ terjual
Vivo Y28 6/128GB 8/128GB 8/256GB NFC Vivo Terbaru 2024 Garansi Resmi,Rp2.060.000,XCI Official Store,XCI Official Store,4.9,100+ terjual
Xiaomi Poco X6 Pro 12/512 GB - Xiaomi Poco X6 12/256 GB Garansi Resmi,Rp3.654.000,Distributor Ponsel,Distributor Ponsel,4.9,1rb+ terjual
REDMI NOTE 13 4G/5G 8/256GB GARANSI RESMI,Rp2.800.000,MEGA store bogor,MEGA store bogor,5.0,2 terjual
REALME 13 NFC 8/128 & 8/256 GARANSI RESMI,Rp2.825.000,Bintangempat cell,Bintangempat cell,,
Redmi Note 13,Rp2.073.000,jikalaku,jikalaku,5.0,500+ terjual
Samsung Galaxy S24 Ultra 12/256GB 12/512GB 12/1TB,Rp17.510.000,Myfon Teleshop Official,Myfon Teleshop Official,5.0,100+ terjual
Xiaomi Redmi Note 13 AMOLED 120Hz 108MP Snapdragon 685 Garansi Resmi,Rp2.171.000,Gadget Point Store,Gadget Point Store,5.0,250+ terjual
Xiaomi Redmi 13C 8/256 GB 6/128 GB Garansi Resmi Redmi 13 C Not 10C,Rp1.427.000,Distributor Ponsel,Distributor Ponsel,4.9,1rb+ terjual
Samsung Galaxy A05s 6/128 GB Garansi Resmi 6 128 GB not A03 a05 s,Rp1.735.000,Digitalisme,Digitalisme,4.9,500+ terjual
Samsung Galaxy S23 S23+ Plus 8/128 8/256 8/512 8GB 128GB 256GB SEIN,Rp13.999.000,SUPER_GADGET,SUPER_GADGET,4.9,250+ terjual
Vivo V30e 5G NFC 8/256 GB 8/128 GB Garansi Resmi Not V27 e V29 e,Rp3.649.000,Distributor Ponsel,Distributor Ponsel,4.9,250+ terjual
Xiaomi Mi 14 5G 12/256GB Leica SD 8 Gen 3 Garansi Resmi Not 13T Ultra,Rp11.096.000,Digitech Mall,Digitech Mall,5.0,250+ terjual
Xiaomi Redmi 12 8/256 GB 8/128 GB Garansi Resmi Not 10C 10A,Rp2.399.000,Distributor Ponsel,Distributor Ponsel,4.9,1rb+ terjual
Samsung Galaxy S24 Ultra 12/256 GB - Garansi Resmi,Rp16.878.000,Wahana Selular,Wahana Selular,5.0,100+ terjual
OPPO A18 4/128 GB Garansi Resmi 4 GB 128 GB Not A17 A17K,Rp1.409.000,Distributor Ponsel,Distributor Ponsel,4.9,1rb+ terjual
Google Pixel 6 5G - BNIB - Resmi bayar pajak - IMEI terdaftar - not 5,Rp5.786.800,fortis fortuna adiuvat,fortis fortuna adiuvat,5.0,90+ terjual
(RESMI) Samsung Galaxy Z Fold 6 Fold6 5G 256GB 512GB 1TB Silver Shadow Navy Pink,Rp23.030.000,Putra Group,Putra Group,,6 terjual
VIVO Y22 RAM 4/64GB | RAM 6/128GB GARANSI RESMI VIVO INDONESIA,Rp1.399.000,smart cell's,smart cell's,5.0,80+ terjual
Samsung Z Fold 6 12/1TB 12/512 GB 12/256 GB Garansi Resmi Z Fold6 Not Fold 5 Fold5,Rp22.435.000,Distributor Ponsel,Distributor Ponsel,5.0,100+ terjual
Samsung Galaxy A25 5G 8/128GB,Rp3.588.500,Samsung Official Store,Samsung Official Store,4.8,250+ terjual
Infinix Smart 8 Pro 8/128 GB [8GB+128GB] Garansi Resmi Infinix indo,Rp1.308.000,duniagadgetku,duniagadgetku,5.0,3rb+ terjual
Oppo A60 8/128GB 8/256GB NFC SD 680 5000mAh Garansi Resmi,Rp2.714.000,Digitech Mall,Digitech Mall,4.9,500+ terjual
Xiaomi Redmi Note 13 Pro 4G |  Redmi Note 13 Pro 5G 8/256 GB Resmi,Rp3.323.000,duniagadgetku,duniagadgetku,5.0,750+ terjual
SAMSUNG GALAXY A15 RAM 8/128GB GARANSI RESMI,Rp2.469.000,HokiHP,HokiHP,5.0,100+ terjual
Infinix Hot 40i 8/256 GB [8GB+256GB] Garansi Resmi Infinix Indonesia,Rp1.576.000,duniagadgetku,duniagadgetku,5.0,3rb+ terjual
Samsung A55 5G 12/256 GB Garansi Resmi SEIN,Rp6.199.000,Gudang-HP,Gudang-HP,4.9,250+ terjual
Realme Note 50 4/64GB Garansi Resmi 1 Tahun,Rp1.249.000,36shop,36shop,5.0,40+ terjual
Samsung Galaxy A55 5G [8/128GB] [8/256GB] [12/256GB] Garansi Resmi,Rp5.350.000,duniagadgetku,duniagadgetku,4.9,500+ terjual
"vivo Y27s (8/128) - 50MP Camera, 44WFlashCharge, Snapdragon 680, IP54",Rp2.085.000,vivo Indonesia,vivo Indonesia,5.0,250+ terjual
Infinix Note 40 8+256GB [+8Gb Extended RAM] Original Garansi Resmi,Rp2.355.000,Pelengkapmu Accecories,Pelengkapmu Accecories,5.0,60+ terjual
Xiaomi Poco X6 PRO 5G NFC 12/512GB 512 MD 8300 Ultra Garansi Resmi,Rp4.827.000,Digitech Mall,Digitech Mall,4.9,1rb+ terjual
xiaomi redmi a3 4/128 ram 4/128gb new resmi,Rp1.178.000,SP Ponsel Medan,SP Ponsel Medan,5.0,60+ terjual
Xiaomi Redmi 13C 6GB/128GB Garansi Resmi Xiaomi Indonesia,Rp1.499.000,INTIKOM STORE,INTIKOM STORE,5.0,100+ terjual
Samsung Galaxy S23FE S23 FE 8/256 GB 8/128B Garansi Resmi,Rp6.905.000,Digitech Mall,Digitech Mall,4.9,750+ terjual
Samsung Galaxy A35 5G NFC 8/256 Garansi Resmi,Rp4.317.000,ACS,ACS,5.0,100+ terjual
Samsung Galaxy S23 Ultra 5G 12/256GB Garansi Resmi,Rp14.240.000,Pandawatiga,Pandawatiga,5.0,100+ terjual
Redmi Note 13 Pro Plus 5G 12/512 GB Garansi Resmi Xiaomi Not 12,Rp5.659.000,Digitech Mall,Digitech Mall,5.0,250+ terjual
Redmi Note 13 5G,Rp2.642.500,jikalaku,jikalaku,5.0,500+ terjual
OPPO A60 8GB+8GB/128GB & 256GB (Garansi Resmi),Rp2.599.000,OPPO OFFICIAL STORE,OPPO OFFICIAL STORE,4.9,250+ terjual
Samsung Galaxy A25 5G,Rp3.280.000,jikalaku,jikalaku,5.0,500+ terjual
Vivo V29 5G NFC 12/512GB 8/256GB 80W Fastcharge Garansi Resmi Not V27,Rp4.416.000,Digitech Mall,Digitech Mall,5.0,500+ terjual
Infinix Hot 40 Pro 8/256 GB [8GB+256GB] Garansi Resmi Infinix Indo,Rp1.939.000,duniagadgetku,duniagadgetku,5.0,3rb+ terjual
Infinix Note 40 8/256GB Garansi Resmi,Rp2.455.000,Garden Cell Official,Garden Cell Official,5.0,100+ terjual
SAMSUNG GALAXY S24 ULTRA 5G 12/256GB - 12GB 256GB - GARANSI RESMI SEIN,Rp17.654.000,Shopyz ID,Shopyz ID,5.0,100+ terjual
Samsung Galaxy A25 5G / LTE 8/256 GB Garansi Resmi A 25 5G Not A24 A15,Rp3.312.000,Distributor Ponsel,Distributor Ponsel,5.0,1rb+ terjual
Xiaomi Redmi A3 4/128 GB [4GB+128GB] Garansi Resmi Xiaomi Indonesia,Rp1.142.000,duniagadgetku,duniagadgetku,5.0,1rb+ terjual
Official Xiaomi Redmi Note 13 5G | Tiga kamera 108 MP FHD+ AMOLED,Rp2.799.000,Xiaomi Official Store,Xiaomi Official Store,4.9,1rb+ terjual
Samsung Galaxy A55 5G 6.6 Inch Garansi Resmi,Rp5.999.000,Andalas Cellular Bpn,Andalas Cellular Bpn,5.0,28 terjual
Samsung Galaxy A05 4/64GB 4/128GB 6/128GB Garansi Resmi,Rp1.382.000,Saruka Berkah Jaya,Saruka Berkah Jaya,5.0,70+ terjual
Samsung Flip 5 8/512 GB 8/256 GB Garansi Resmi Samsung Z Flip 5 ,Rp11.616.000,Distributor Ponsel,Distributor Ponsel,4.9,1rb+ terjual
Samsung Galaxy A23 5G 6/128GB - Black,Rp2.675.000,H2 - Samsung Authorized,H2 - Samsung Authorized,5.0,250+ terjual
"vivo Y17s (4/64) - 50MP Camera, 15W FlashCharge+5000mAH",Rp1.299.000,vivo Indonesia,vivo Indonesia,5.0,2rb+ terjual
Samsung Galaxy A15 5G / LTE 8/256 GB 8/128GB Garansi Resmi Not A14 A25,Rp2.376.000,Distributor Ponsel,Distributor Ponsel,5.0,1rb+ terjual
Samsung Galaxy A05 6/128 GB 4/128 GB 4/64GB Garansi Resmi Not A04 A05S,Rp1.186.000,Distributor Ponsel,Distributor Ponsel,4.9,1rb+ terjual
SAMSUNG GALAXY A05S RAM 6/128GB-GARANSI RESMI SEIN,Rp2.099.000,Samsung Store Mal Panakkukang,Samsung Store Mal Panakkukang,5.0,8 terjual
VIVO X100 PRO 5G 16/512 & X100 5G 12/256 GARANSI RESMI,Rp10.183.060,Bintangempat cell,Bintangempat cell,5.0,2 terjual
"vivo Y28 (8/128) - 44W FlashCharge+6000mAH, Dynamic Design, Dual Speaker + 300% Audio",Rp2.599.000,vivo Indonesia,vivo Indonesia,5.0,30+ terjual
Apple iPhone 15 Plus Garansi Resmi - 128GB 256GB 512GB,Rp15.329.000,iSmile Official Store,iSmile Official Store,5.0,250+ terjual
"vivo Y17s (6/128) - 50MP Camera, 15W FlashCharge+5000mAH, IP54",Rp1.699.000,vivo Indonesia,vivo Indonesia,5.0,1rb+ terjual
Samsung Galaxy S20 Ultra 12/128gb Sein Resmi - Retak,Rp3.200.000,,,5.0,
samsung z fold 3 256gb sein - 12/512,Rp8.000.000,,,4.7,
"Samsung Galaxy Note 20 Ultra 8/256GB Garansi Resmi SEIN - Note 20, Ram 8/256Gb 4G",Rp3.700.000,,,4.6,
Samsung Galaxy S24 Ultra 5G 12/1 TB 12/512 GB 12/256 GB Garansi Resmi,Rp18.025.000,Distributor Ponsel,Distributor Ponsel,4.9,1rb+ terjual
SAMSUNG GALAXY A15 5G 8/256 & A15 4G 8/128 & 8/256 NEW GARANSI RESMI,Rp2.443.000,J3-SHOP,J3-SHOP,,6 terjual
OPPO A60 8/256 GB 6/128 GB NFC Garansi Resmi Purple Blue Not A38 A57 A58,Rp2.250.000,Distributor Ponsel,Distributor Ponsel,4.9,500+ terjual
(RESMI) Samsung Galaxy Z Flip 4 5G 128GB 256GB 512GB Purple Blue SEIN,Rp8.499.000,Putra Group,Putra Group,4.9,750+ terjual
Samsung Z Flip 6 12/512 GB 12/256 GB Garansi Resmi Z Flip6 Not Flip 5 Flip5,Rp14.570.000,Distributor Ponsel,Distributor Ponsel,5.0,100+ terjual
Xiaomi Poco M6 Pro 8/256 (8GB 256GB) Garansi Resmi Not M5 X5 M4,Rp2.739.000,Digitech Mall,Digitech Mall,5.0,500+ terjual
Samsung Galaxy S24 Ultra - Garansi Resmi,Rp16.996.500,jikalaku,jikalaku,5.0,250+ terjual
Vivo Y27s NFC 8/256 GB 8/128 GB Garansi Resmi Y17 s Not Y22 Y27 Y36,Rp2.090.000,Distributor Ponsel,Distributor Ponsel,4.9,750+ terjual
Infinix Note 40 4G 8/256GB - Garansi Resmi,Rp2.405.000,Pandawatiga,Pandawatiga,5.0,250+ terjual
Vivo Y17s ram 4/64GB dan 6/128GB New Garansi Resmi,Rp1.300.000,L 10 Nel,L 10 Nel,5.0,100+ terjual
"Samsung Galaxy Z Flip6 Online Exclusive, Smartphone AI, Smartphone Lipat, Android, Kamera 50MP",Rp17.499.000,Samsung Exclusive Official Store,Samsung Exclusive Official Store,,30+ terjual
(RESMI) Samsung Galaxy S24 Ultra S24+ Plus S24 1TB 512GB 256GB,Rp11.999.000,Putra Group,Putra Group,5.0,250+ terjual
Vivo X100 Ultra 5G 16/512GB China ROM Snapdragon 8 Gen 3,Rp21.999.000,bililagi,bililagi,5.0,11 terjual
[Bundling] Samsung Galaxy A35 5G 8/256GB + Adapter 25W,Rp4.719.000,SUPER GADGET - Samsung Authorized,SUPER GADGET - Samsung Authorized,5.0,8 terjual
"(RESMI) Samsung Galaxy S24 Ultra 256GB 512GB 1TB Black Gray - 12/256GB Promo, Titanium Violet",Rp17.444.000,Putra Group,Putra Group,5.0,500+ terjual
Samsung Galaxy S23 FE 8/128 8/256 RAM 8 ROM 128 256 GB 8GB 128GB 256GB,Rp7.700.000,SUPER_GADGET,SUPER_GADGET,4.9,500+ terjual
Infinix Hot 40i 8/256GB - Garansi Resmi,Rp1.645.000,Pandawatiga,Pandawatiga,5.0,100+ terjual
Samsung Galaxy S24 Ultra 5G 12/1TB 12/512GB Garansi Resmi SEIN,Rp18.888.000,Digitech Mall,Digitech Mall,4.9,750+ terjual
Infinix Smart 8 Pro 8/128 GB Garansi Resmi Smart 8 Pro Not Smart 7,Rp1.212.000,Distributor Ponsel,Distributor Ponsel,5.0,750+ terjual
Vivo V29 5G 12/512 GB 8/256 GB Garansi Resmi  512 GB 256 GB Not V27 e,Rp4.416.000,Distributor Ponsel,Distributor Ponsel,4.9,750+ terjual
Samsung Galaxy A35 5G 8/256GB,Rp4.849.500,Samsung Official Store,Samsung Official Store,5.0,1rb+ terjual
"vivo Y35 (8/128) - RAM 8GB+8GB Extended, 44W FlashCharge+5000mAh",Rp1.872.000,vivo Indonesia,vivo Indonesia,4.9,1rb+ terjual
OPPO Reno 11F 5G 8/256 GB Garansi Resmi Reno 11 F 8 GB 256 GB Not 10,Rp3.649.000,Distributor Ponsel,Distributor Ponsel,4.9,750+ terjual
Samsung Galaxy S23 Ultra 5G 12/256GB,Rp15.549.000,Samsung Official Store,Samsung Official Store,4.9,750+ terjual
Xiaomi POCO X6 Pro 5G 12/512 12/256 GB Garansi Resmi not x5,Rp3.654.000,Digitalisme,Digitalisme,5.0,1rb+ terjual
"vivo Y17s (4/128)-50MP Camera, 15WFlashCharge+5000mAH, IP54, 6.56"" HD+ - Forest Green",Rp1.499.000,vivo Indonesia,vivo Indonesia,5.0,750+ terjual
(RESMI) Samsung Galaxy Z Flip 5 5G 256GB 512GB Mint Graphite,Rp11.270.000,Putra Group,Putra Group,5.0,500+ terjual
realme C63 6GB+6GB* | 128GB 45W Fast Charge| 5000mAh Durable Battery | AI Boost Engine | 90Hz Eye Comfort Display |  50MP AI Camera,Rp1.940.000,realme Official Store,realme Official Store,4.9,100+ terjual
"vivo Y02t (4/64) - 5000mAh, Dual-Mode Camera, 6.51"" HD+ Big Screen",Rp1.249.000,vivo Indonesia,vivo Indonesia,4.9,750+ terjual
OPPO Reno 12F 5G / LTE 12/512 GB 12/256 GB Garansi Resmi Reno 12F 12 F Not Reno 11 Pro,Rp5.599.000,Distributor Ponsel,Distributor Ponsel,,1 terjual
Xiaomi Poco X6 5G NFC 12/256 12GB 256GB SD 7s Gen 2 Garansi Resmi ,Rp3.766.000,Digitech Mall,Digitech Mall,5.0,500+ terjual
Samsung Galaxy A35 5G 8/128GB 8/256GB NFC Garansi Resmi 8 128 256 GB,Rp4.332.000,Digitech Mall,Digitech Mall,4.9,250+ terjual
Samsung Galaxy S24+ S24 Plus 12/256GB 12/512GB S24 8/256GB 8/512GB,Rp11.809.000,Myfon Teleshop Official,Myfon Teleshop Official,4.9,100+ terjual
Oppo A60 - Garansi Resmi Oppo,Rp2.714.000,jikalaku,jikalaku,5.0,500+ terjual
Xiaomi Redmi 13C 6/128 GB + 8/256 GB Garansi Resmi,Rp1.716.000,duniagadgetku,duniagadgetku,5.0,1rb+ terjual
Samsung Galaxy A05s 6/128GB Garansi Resmi,Rp2.099.000,CELLULAR-WORLD,CELLULAR-WORLD,5.0,80+ terjual
HANDPHONE - SAMSUNG S24 GARANSI RESMI,Rp12.862.500,Scorpio Electro,Scorpio Electro,4.9,40+ terjual
Samsung Galaxy S23 FE Garansi Resmi,Rp7.815.000,jikalaku,jikalaku,4.9,100+ terjual
Samsung Galaxy S24 Garansi Resmi,Rp12.833.500,jikalaku,jikalaku,4.8,60+ terjual
Samsung Galaxy A15 5G 8/256GB,Rp3.350.000,Samsung Official Store,Samsung Official Store,4.9,1rb+ terjual
(RESMI) Samsung Galaxy Z Fold 4 5G 256GB 512GB 1TB Black Beige,Rp15.799.000,Putra Group,Putra Group,5.0,500+ terjual
Samsung Galaxy Z Fold6 12/256GB | 12/512GB | 12/1TB Fold 6 Garansi Resmi,Rp23.139.000,Studio Ponsel,Studio Ponsel,5.0,7 terjual
(RESMI) iPhone 15 Pro Max Promax 1TB 512GB 256GB 128GB Black Natural White Blue Titanium,Rp21.854.000,Putra Group,Putra Group,5.0,750+ terjual
Samsung Galaxy Z Flip6 12/256GB | 12/512GB Flip 6 Garansi Resmi,Rp15.020.000,Studio Ponsel,Studio Ponsel,,3 terjual
(RESMI) iPhone 15 Pro 1TB 512GB 256GB 128GB Black Blue Natural White Titanium,Rp18.130.000,Putra Group,Putra Group,5.0,500+ terjual
vivo Y03,Rp1.356.500,jikalaku,jikalaku,5.0,250+ terjual
Samsung Galaxy S24 Ultra 12/512GB Handphone AI,Rp21.499.000,Samsung Official Store,Samsung Official Store,4.9,250+ terjual
Xiaomi Redmi 13C 4/128 GB 6/128 GB 8/256 GB Garansi Resmi,Rp1.450.000,OKESHOP,OKESHOP,5.0,750+ terjual
Infinix Hot 40i 8/256 GB - Garansi Resmi,Rp1.699.000,Wahana Selular,Wahana Selular,5.0,100+ terjual
Realme C63 NFC 8/128 GB  6/128 GB Garansi Resmi Not C51 C53 C55,Rp1.780.000,Distributor Ponsel,Distributor Ponsel,5.0,250+ terjual
Infinix Hot 40i 8/256GB [+8GB Extended RAM] Garansi Resmi 1 Tahun,Rp1.625.000,TOPSELL OFFICIAL,TOPSELL OFFICIAL,4.9,100+ terjual
Samsung Galaxy S23 FE S23FE 8/256 GB 8/128 GB Garansi Resmi Not S21 FE,Rp6.905.000,Distributor Ponsel,Distributor Ponsel,4.9,1rb+ terjual
Samsung Galaxy A35 5G [8/128GB] [8/256GB] Garansi Resmi SEIN ,Rp4.365.000,duniagadgetku,duniagadgetku,5.0,250+ terjual
Infinix Note 30 Pro Ram 8/256GB,Rp1.850.000,Sevvan Cell,Sevvan Cell,4.7,90+ terjual
REDMI 13C 6/128 8/256 GB NEW NFC 50MP GARANSI RESMI 1 TAHUN,Rp1.499.000,UNIQ BATAM STORE,UNIQ BATAM STORE,5.0,70+ terjual
Xiaomi Poco X6 Pro 12/512 GB - Xiaomi Poco X6 12/256 GB Garansi Resmi,Rp3.654.000,Distributor Ponsel,Distributor Ponsel,4.9,1rb+ terjual
Samsung Galaxy A55 5G 12/256 GB 8/256 GB Garansi Resmi not a54,Rp5.182.000,Digitalisme,Digitalisme,5.0,250+ terjual
vivo Y100 5G (8/256) 80W FlashCharge + Amoled 120Hz + 50MP Wide Camera,Rp3.899.000,vivo Indonesia,vivo Indonesia,4.9,80+ terjual
OPPO A60 8/128 GB - Garansi Resmi,Rp2.246.000,Wahana Selular,Wahana Selular,4.9,100+ terjual
Samsung Galaxy A55 5G 8/256GB 12/256GB NFC Garansi Resmi Not A52s A54,Rp5.257.000,Digitech Mall,Digitech Mall,4.9,250+ terjual
Infinix Smart 8 4/128 3/64 GB Garansi Resmi 4 128 3 64 GB Black Green,Rp1.055.000,Digitalisme,Digitalisme,5.0,250+ terjual
Infinix Smart 8 4/128GB [+4GB Extended RAM] Garansi Resmi 1 Tahun,Rp1.189.000,TOPSELL OFFICIAL,TOPSELL OFFICIAL,5.0,100+ terjual
Redmi Note 13 5G 8/256 GB Garansi Resmi Xiaomi (INSTAN),Rp2.799.000,Meteor Cell Official Store,Meteor Cell Official Store,5.0,30+ terjual
XIAOMI REDMI NOTE 13 8/128 GB GARANSI RESMI XIAOMI NOTE 13 NFC 8/128 GB REDMI NOTE 13 ,Rp2.095.000,STR-STORE,STR-STORE,5.0,60+ terjual
Samsung A55 5G 8/256 GB Garansi Resmi SEIN,Rp5.393.000,Gudang-HP,Gudang-HP,4.9,250+ terjual
Xiaomi Redmi 13 NFC [8/128 GB] [8/256 GB] Garansi Resmi Xiaomi Indonesia,Rp1.819.000,duniagadgetku,duniagadgetku,5.0,100+ terjual
Xiaomi Redmi A3 4/128 - Garansi Resmi,Rp1.128.500,Pandawatiga,Pandawatiga,5.0,250+ terjual
OPPO A60 8GB+8GB/128GB NFC - Garansi Resmi,Rp2.599.000,tokolasvegas,tokolasvegas,5.0,30+ terjual
Samsung Galaxy A15 NFC 8/128 Garansi Resmi,Rp2.372.000,ACS,ACS,5.0,500+ terjual
Xiaomi Redmi Note 13 5G 8/256GB Garansi Resmi,Rp2.799.000,CELLULAR-WORLD,CELLULAR-WORLD,5.0,40+ terjual
Realme C67 NFC 8/256 GB 8/128 GB Garansi Resmi C67 Not C33 C51 C53 C55,Rp1.998.000,Distributor Ponsel,Distributor Ponsel,5.0,500+ terjual
Realme 12 Pro Plus 5G 8/256 12/512 GB Beige Blue Garansi Resmi Not 11,Rp5.118.000,Digitech Mall,Digitech Mall,5.0,100+ terjual
HP REALME C53 6/128 GB - REALME C 53 RAM 6GB ROM 128GB GARANSI RESMI,Rp1.749.000,Cahaya Store Cell,Cahaya Store Cell,5.0,50+ terjual
Samsung Galaxy A05 4/64GB - Garansi Resmi,Rp1.121.000,Wahana Selular,Wahana Selular,5.0,100+ terjual
Realme 12 Pro Plus Pro+ 12 Plus 5G 8/256GB Garansi Resmi 8 GB 256 GB ,Rp3.602.000,Distributor Ponsel,Distributor Ponsel,5.0,500+ terjual
Xiaomi Redmi Note 13 Pro 5G 8GB 256GB / 4G 8GB 256GB,Rp3.375.000,OKESHOP,OKESHOP,5.0,100+ terjual
Samsung Galaxy A15 4G 5G 8/128 8/256 RAM 8 128 256 GB 8GB 128GB 256GB,Rp2.465.000,SUPER_GADGET,SUPER_GADGET,5.0,750+ terjual
Samsung Galaxy A55 5G 8/128 GB 8/256 GB Garansi Resmi,Rp5.189.000,LJS OFFICIAL,LJS OFFICIAL,5.0,100+ terjual
Xiaomi Redmi 13C 8/256 Garansi Resmi Xiaomi Indonesia,Rp1.695.560,Prince Gadget Indonesia,Prince Gadget Indonesia,4.9,60+ terjual
Infinix Hot 40i 8/256 GB Garansi Resmi Hot 40 i Not 30i 30 NFC 30 Play,Rp1.574.000,Distributor Ponsel,Distributor Ponsel,5.0,750+ terjual
Offical realme Note 50 HP 4GB+128GB 90Hz Vivid Display | Mini Capsule,Rp1.503.000,realme Official Store,realme Official Store,4.9,250+ terjual
(RESMI) Samsung Galaxy Z Fold 5 5G 256GB 512GB 1TB Ice Blue Black,Rp19.110.000,Putra Group,Putra Group,5.0,500+ terjual
realme Note 50 4GB/64GB | 4GB/128GB (90Hz Vivid Display | Mini Capsule | Ultra Slim Body | 13 MP AI Camera | 5000mAh Battery),Rp1.319.000,realme Authorized Store,realme Authorized Store,5.0,15 terjual
Infinix Note 40 Pro Plus 5G 12/256 Garansi Resmi Infinix 1 Tahun,Rp4.329.000,duamaretcell,duamaretcell,5.0,3 terjual
Oppo A98 5g 8/256 Second Like New,Rp2.900.000,Ady99_Store,Ady99_Store,,
Samsung Galaxy A55 5G 8/256GB,Rp5.749.000,,,,
Samsung Galaxy A05s 6/128GB,Rp2.036.500,,,,
Samsung Galaxy A15 LTE 8/128GB,Rp2.617.500,,,,
Infinix Note 30 Pro 8/256 GB Garansi Resmi,Rp3.049.000,duamaretcell,duamaretcell,5.0,100+ terjual
"vivo Y18 (4/64) - NFC Multifunctions, 50MP AI Camera, 5000 mAH+15W Flashcharge - Coklat Batik",Rp1.599.000,vivo Indonesia,vivo Indonesia,5.0,40+ terjual
Infinix Note 30 8/256GB Garansi Resmi,Rp2.499.000,duamaretcell,duamaretcell,5.0,40+ terjual
Vivo V15 Ram 8GB/256GB Garansi | Vivo V15 Ram 8 GB / 256 GB Garansi,Rp1.656.760,SENTOYOU,SENTOYOU,4.3,100+ terjual
Infinix Note 40 8/256 GB Garansi Resmi Infinix Indonesia 1 Tahun,Rp2.399.000,duamaretcell,duamaretcell,5.0,15 terjual
Samsung Galaxy A05s 6/128GB RAM 6GB,Rp1.875.000,Myfon Teleshop Official,Myfon Teleshop Official,4.9,100+ terjual
Xiaomi Poco M6 Pro 8/256 GB Garansi Resmi Poco M6 Pro Not X5 X6 M4 Pro,Rp2.739.000,Distributor Ponsel,Distributor Ponsel,5.0,1rb+ terjual
"Official Xiaomi Redmi Note 13 Pro+ 5G | Layar AMOLED 1,5K 120 Hz",Rp5.999.000,Xiaomi Official Store,Xiaomi Official Store,4.9,1rb+ terjual
Vivo Y100 5G / LTE 8/256 GB 8/128 GB Garansi Resmi Y 100 Not Y35 Y36,Rp2.537.000,Distributor Ponsel,Distributor Ponsel,5.0,500+ terjual
Vivo Y03 4/64GB 4/128GB Garansi Resmi Indonesia 1 Tahun,Rp1.185.000,36shop,36shop,4.9,500+ terjual
Samsung Galaxy S23 FE 8/256GB,Rp8.999.000,Samsung Exclusive Official Store,Samsung Exclusive Official Store,5.0,6 terjual
Infinix Note 40 Pro 5G 8/256 GB Garansi Resmi Infinix Indonesia 1 Tahun,Rp3.699.000,duamaretcell,duamaretcell,5.0,2 terjual
"realme Note 50 4GB/64GB | 4GB/128GB (90Hz Vivid Display, Mini Capsule)",Rp1.270.000,realme Authorized Store,realme Authorized Store,5.0,100+ terjual
Infinix Zero 30 4G NFC 8/256GB Garansi Resmi 1Tahun,Rp2.665.000,duamaretcell,duamaretcell,5.0,6 terjual
Sharp Handphone AQUOS V7/V7 Plus SHC06 RAM 4/128GB 6/256GB SHC06,Rp1.358.000,UFO elektronika,UFO elektronika,4.8,9 terjual
Redmi Note 13 5G 8/256 GB 8GB 256GB Garansi Resmi Xiaomi Not 12 pro,Rp2.204.000,Digitech Mall,Digitech Mall,4.9,500+ terjual
Samsung Galaxy S24 Ultra 5G 12/1 TB 12/512 GB 12/256 GB Garansi Resmi,Rp18.025.000,Distributor Ponsel,Distributor Ponsel,4.9,1rb+ terjual
Samsung Galaxy A55 5G 12/256GB,Rp6.399.000,Samsung Official Store,Samsung Official Store,4.9,1rb+ terjual
Official Xiaomi Redmi Note 13 Pro | Kamera 200 MP ultra-jernih AMOLED ,Rp3.499.000,Xiaomi Official Store,Xiaomi Official Store,4.9,500+ terjual
Xiaomi Redmi Note 13 4G 8GB/128GB Garansi Resmi Xiaomi Indonesia,Rp2.199.000,INTIKOM STORE,INTIKOM STORE,5.0,15 terjual
OPPO Reno8 5G Garansi Resmi,Rp3.319.500,jikalaku,jikalaku,5.0,40+ terjual
Samsung Galaxy A25 5G 8/256 GB Garansi Resmi 8 256 GB Black Blue,Rp2.729.000,Digitalisme,Digitalisme,4.9,500+ terjual
Xiaomi Redmi A3 4GB/128GB Garansi Resmi Xiaomi Indonesia,Rp1.199.000,INTIKOM STORE,INTIKOM STORE,5.0,40+ terjual
Xiaomi REDMI NOTE 13 Pro 5G 8/256 - Garansi Resmi,Rp4.147.000,Wahana Selular,Wahana Selular,5.0,100+ terjual
Xiaomi Redmi 13 NFC 8/128 GB 8/256 GB Extended RAM 8+8GB Garansi Resmi Not Redmi 12,Rp1.867.000,Distributor Ponsel,Distributor Ponsel,4.9,500+ terjual
Infinix Smart 8 3/64GB 4/128GB Garansi Resmi 1 Tahun,Rp1.099.000,duamaretcell,duamaretcell,5.0,1 terjual
"Samsung Galaxy Z Fold6 Online Exclusive, Smartphone AI, Smartphone Lipat, Android 14, One UI 6.1, Kamera 50MP - White, 256GB",Rp26.499.000,Samsung Exclusive Official Store,Samsung Exclusive Official Store,,50+ terjual
Infinix Smart 7 4/64GB Garansi Resmi,Rp1.195.000,duamaretcell,duamaretcell,5.0,1 terjual
ADVAN XTAB  4/64 GB 8 Inci Quadcore T310 Tablet Android 13,Rp1.169.000,Advan Official Store,Advan Official Store,4.9,1rb+ terjual
Infinix Note 40 Pro 8/256GB Garansi Resmi Infinix 1 Tahun - Green,Rp3.299.000,duamaretcell,duamaretcell,5.0,70+ terjual
Oppo A58 NFC 8/128 GB 6/128 GB Garansi Resmi A 58 8 GB 6 GB 128 GB ,Rp2.043.000,Distributor Ponsel,Distributor Ponsel,4.9,1rb+ terjual
XIAOMI REDMI NOTE 13 8/128 GB GARANSI RESMI TERMURAH,Rp2.173.300,Hapemall.id,Hapemall.id,4.7,25 terjual
Realme Note 50 4/64 Garansi Resmi,Rp1.221.000,Focus Celluler Jateng,Focus Celluler Jateng,4.9,100+ terjual
Xiaomi Redmi Note 13 5G 8/256 GB 4G 8/256 GB,Rp2.119.000,OKESHOP,OKESHOP,5.0,100+ terjual
Samsung Galaxy A15 5G 8/256 GB Garansi Resmi Samsung Indonesia,Rp3.006.000,duniagadgetku,duniagadgetku,5.0,1rb+ terjual
Samsung Galaxy A55 5G ( 8/128 8/256 12/256) Garansi Resmi Sein New,Rp5.248.000,Ini Toko Budi,Ini Toko Budi,5.0,2rb+ terjual
Samsung Galaxy A05 6/128 RESMI SEIN NEW,Rp1.275.000,Mitra celluler99,Mitra celluler99,5.0,100+ terjual
samsung a55 5g 8/256 ram 8/256gb new resmi,Rp5.545.000,SP Ponsel Medan,SP Ponsel Medan,5.0,60+ terjual
Samsung Galaxy S21 FE 5G 8/256GB - Graphite,Rp6.175.000,H2 - Samsung Authorized,H2 - Samsung Authorized,5.0,70+ terjual
Samsung Galaxy A35 5G 8/256GB Garansi Resmi Sein Samsung 1 Tahun,Rp4.326.000,36shop,36shop,4.8,100+ terjual
Infinix Hot 40 Pro Handphone RAM 8/256 GB,Rp2.198.000,UFO elektronika,UFO elektronika,5.0,2 terjual
realme C63 6GB+6GB*/8GB+8GB* | 128GB (45W Fast Charge | Air Gestures Control | TÜV Certification | 7.74mm Ultra Slim | NFC),Rp2.276.000,realme Authorized Store,realme Authorized Store,5.0,9 terjual
ADVAN TAB VX NEO 4GB/128GB 10.1”IPS SCREEN TABLET ANDROID 14,Rp1.576.000,Advan Official Store,Advan Official Store,4.9,30+ terjual
"Xiaomi Redmi 13 Garansi Resmi Original 8/128 8/256 RAM 8GB ROM 128GB 256GB - 8GB+128GB, GARANSI RESMI - 8GB+256GB, Gold",Rp2.091.000,YOLO STORE GADGET,YOLO STORE GADGET,,1 terjual
Xiaomi Redmi A3 4GB/128GB - GARANSI RESMI XIAOMI INDONESIA,Rp1.185.000,Agres World,Agres World,,
Oppo Reno 11 5G 8/256 Amoled 120Hz Garansi Resmi 8GB 256GB,Rp4.756.000,Digitech Mall,Digitech Mall,4.8,250+ terjual
Infinix Smart 8 Pro 8/128GB [+8GB Extended RAM] Garansi Resmi 1 Tahun,Rp1.349.000,TOPSELL OFFICIAL,TOPSELL OFFICIAL,5.0,250+ terjual
Samsung Galaxy S24 Ultra 5G Garansi Resmi Sein,Rp17.702.500,Senjaya Selindo,Senjaya Selindo,5.0,250+ terjual
Redmi A3 4/128 GB Garansi Resmi Xiaomi (INSTAN),Rp1.199.000,Meteor Cell Official Store,Meteor Cell Official Store,5.0,60+ terjual
Oppo A60 [8/128 GB] [8/256 GB] Garansi Resmi Oppo Indonesia,Rp2.256.000,duniagadgetku,duniagadgetku,5.0,250+ terjual
Samsung Galaxy Z Flip5,Rp10.676.000,jikalaku,jikalaku,5.0,30+ terjual
Infinix GT 20 Pro 5G 12/256 GB 8/256 GB Garansi Resmi Not GT 10 Pro,Rp4.054.000,Distributor Ponsel,Distributor Ponsel,5.0,250+ terjual
"vivo Y27 (6/128) - 50MP Camera, 44W FlashCharge+5000mAH",Rp1.697.000,vivo Indonesia,vivo Indonesia,4.9,500+ terjual
HANDPHONE - XIAOMI REDMI 12 8/256GB GARANSI RESMI,Rp2.199.000,Scorpio Electro,Scorpio Electro,5.0,100+ terjual
Infinix Note 40 Pro 5G [8/256 GB] Garansi Resmi Infinix Indonesia,Rp3.323.000,duniagadgetku,duniagadgetku,5.0,500+ terjual
Vivo Y18 NFC [4/64GB] [4/128GB] [6/128GB] Garansi Resmi Vivo Indonesia,Rp1.395.000,duniagadgetku,duniagadgetku,5.0,500+ terjual
Samsung Galaxy S23 Ultra 5G Garansi Resmi SEIN,Rp14.999.000,SAMSUNG ACC,SAMSUNG ACC,5.0,750+ terjual
Samsung Galaxy A55 5G 8/256GB (Upgraded From 128GB) Garansi Resmi,Rp5.999.000,CELLULAR-WORLD,CELLULAR-WORLD,5.0,80+ terjual
Oppo Reno 11F 5G [NFC] 8/256GB Garansi Resmi 1 Tahun,Rp3.819.000,36shop,36shop,4.9,100+ terjual
"Infinix Smart 8 Pro 8/128GB- Up to 16GB Extended RAM - 6.6""",Rp1.379.000,Infinix Official Store,Infinix Official Store,4.9,1rb+ terjual
Xiaomi Redmi Pad SE 4/128GB Garansi Resmi,Rp2.299.000,CELLULAR-WORLD,CELLULAR-WORLD,5.0,26 terjual
Realme C51s 6/128 GB - Garansi Resmi,Rp1.446.000,Wahana Selular,Wahana Selular,5.0,30+ terjual
Samsung Galaxy A35 5G (8/128 8/256) Garansi Resmi Sein New,Rp5.444.010,Ini Toko Budi,Ini Toko Budi,4.9,1rb+ terjual
OPPO A18 4GB/128GB Smartphone (Garansi Resmi),Rp1.499.000,OPPO OFFICIAL STORE,OPPO OFFICIAL STORE,4.9,3rb+ terjual
Samsung Galaxy A15 4G 8/256GB 8/128GB Garansi Resmi,Rp2.355.000,Indotechstore,Indotechstore,5.0,500+ terjual
Xiaomi Redmi 13C 6/12GB 8/256GB Garansi Resmi Not Redmi 12C 12 13,Rp1.443.000,Digitech Mall,Digitech Mall,4.9,750+ terjual
Infinix Note 40 Note 40s 4G 8/256 RAM 8GB ROM 256GB 8 256 GB,Rp2.328.000,SUPER_GADGET,SUPER_GADGET,4.9,100+ terjual
Vivo Y18 6/128GB | 4/128GB | 4/64GB Original Garansi Resmi Vivo 1 Tahun,Rp1.451.500,Tube Gadget,Tube Gadget,4.8,80+ terjual
Vivo V30 5G 12/512 8/256 GB Garansi Resmi 8 256 12 512 GB not v29 ,Rp4.901.000,Digitalisme,Digitalisme,5.0,250+ terjual
Vivo Y28 6/128GB 8/128GB 8/256GB NFC Vivo Terbaru 2024 Garansi Resmi,Rp2.060.000,XCI Official Store,XCI Official Store,4.9,100+ terjual
HANDPHONE - ITEL S23 PLUS GARANSI RESMI,Rp2.199.000,Scorpio Electro,Scorpio Electro,4.9,100+ terjual
Xiaomi Redmi 13 8/128GB 8/256GB 108MP Camera FHD+ Garansi Resmi,Rp1.877.000,Gadget Point Store,Gadget Point Store,5.0,50+ terjual
XIAOMI REDMI A3 4/128 GB GARANSI RESMI,Rp1.171.000,Q-Store Pedia,Q-Store Pedia,5.0,500+ terjual
Xiaomi Redmi Note 13 Pro Plus Pro+ Pro 5G / LTE 12/512GB 8/256GB Resmi,Rp3.505.000,Distributor Ponsel,Distributor Ponsel,5.0,1rb+ terjual
Vivo Y100 5G 8/128 GB + 8/256 GB Garansi Resmi Vivo Indoensia,Rp3.240.000,duniagadgetku,duniagadgetku,5.0,250+ terjual
Samsung Galaxy Z Flip5 8/256GB,Rp13.385.500,Samsung Official Store,Samsung Official Store,5.0,100+ terjual
Xiaomi REDMI NOTE 13 5G 8/256 GB - Garansi Resmi,Rp2.667.000,Wahana Selular,Wahana Selular,5.0,100+ terjual
Samsung Galaxy Z Fold5 5G 12/256 Garansi Resmi Samsung Indonesia,Rp24.999.000,Vote VIP,Vote VIP,5.0,5 terjual
Realme C65 8/256 GB 8/128 GB (+8GB EXTENDED RAM) Garansi Resmi Not C51 s C53 C55 C67,Rp2.340.000,Distributor Ponsel,Distributor Ponsel,4.9,500+ terjual
Infinix Hot 40i 8/256 GB 8GB 256 GB RAM 8 ROM 256,Rp1.635.000,SUPER_GADGET,SUPER_GADGET,5.0,250+ terjual
Handphone A77 s Ram 8/128GB  Garansi Resmi 1 Tahun,Rp1.836.750,SENTOYOU,SENTOYOU,,
Infinix Hot 40i Handphone Unisoc Tiger T606 RAM 8/256 GB,Rp1.698.000,UFO elektronika,UFO elektronika,5.0,7 terjual
ADVAN Hammer R2 Handphone Poliponik Feature Phone Garansi Resmi,Rp199.000,Advan Official Store,Advan Official Store,5.0,4 terjual
Infinix Note 40 8/256GB-Helio G99-FHD+ Amoled 120Hz-Camera 108MP-NFC,Rp2.597.500,UFO elektronika,UFO elektronika,5.0,19 terjual
"vivo Y100 [8GB/256GB] - Magical Color Changing, AMOLED 120Hz, 80W FlashCharge",Rp3.399.000,Vivo Official Store BANTEN,Vivo Official Store BANTEN,,1 terjual
PROMO Handphone 13C RAM 8GB 256GB ORIGINAL GARANSI 2 TAHUN,Rp1.229.000,,,,
PROMO HANDPHONE A17 RAM 6GB 128GB ORIGINAL GARANSI 1 TAHUN FULLSET,Rp889.000,,,,
Promo Vivo Y21s Ram 6GB 128GB GARANSI 1 TAHUN,Rp799.000,,,,
Infinix Hot 40i Handphone Unisoc Tiger T606 RAM 8/256 GB,Rp1.698.000,UFO elektronika,UFO elektronika,5.0,7 terjual
ADVAN Hammer R2 Handphone Poliponik Feature Phone Garansi Resmi,Rp199.000,Advan Official Store,Advan Official Store,5.0,4 terjual
Infinix Note 40 8/256GB-Helio G99-FHD+ Amoled 120Hz-Camera 108MP-NFC,Rp2.597.500,UFO elektronika,UFO elektronika,5.0,19 terjual
"vivo Y100 [8GB/256GB] - Magical Color Changing, AMOLED 120Hz, 80W FlashCharge",Rp3.399.000,Vivo Official Store BANTEN,Vivo Official Store BANTEN,,1 terjual
Infinix Note 40s 8/256 GB Curved Display Garansi Resmi Indonesia 1 Tahun,Rp2.734.000,duamaretcell,duamaretcell,,3 terjual
Xiaomi Redmi 13C 6/128GB Garansi Resmi,Rp1.499.000,CELLULAR-WORLD,CELLULAR-WORLD,5.0,100+ terjual
Infinix Hot 40 Pro 8/256 Ram 8GB Rom 256GB Garansi Resmi,Rp2.029.000,Shadow Gold,Shadow Gold,4.9,60+ terjual
Xiaomi Redmi 10A 3/64 Garansi Resmi Xiaomi Indonesia,Rp1.049.000,Prince Gadget Indonesia,Prince Gadget Indonesia,4.9,70+ terjual
Xiaomi Poco M6 Pro 5G 8/256 GB Garansi Resmi 8 256 GB not m5s x5,Rp2.739.000,Digitalisme,Digitalisme,5.0,500+ terjual
OPPO Reno11 F 5G 8GB/256GB (Garansi Resmi),Rp4.399.000,OPPO OFFICIAL STORE,OPPO OFFICIAL STORE,4.9,500+ terjual
Xiaomi Redmi 13C 6/128 GB Smartphone Garansi Resmi,Rp1.795.000,UFO elektronika,UFO elektronika,5.0,8 terjual
IBOX Apple iPhone 15 Pro Max Promax 5G 256GB 512GB 1TB 256 512 GB 1 TB,Rp22.100.000,chocoapple,chocoapple,5.0,50+ terjual
Realme C67 8/128GB 8/256GB NFC Handphone Smartphone Garansi Resmi,Rp2.325.000,UFO elektronika,UFO elektronika,5.0,4 terjual
Strike Alert HD Field - Personal Lightning Detector and Heat index indicator,Rp7.300.000,AZKA INSTRUMENTS,AZKA INSTRUMENTS,,
PAKET ODC 72 CORE PAZ SPESIFIKASI MKM ( MNC ) KOMPLIT LENGKAP,Rp3.800.000,PAZ Official,PAZ Official,5.0,2 terjual
SEIN | SAMSUNG GALAXY Z FLIP 4 & 3 5G | 512GB 256GB 128GB | SECOND,Rp4.000.000,BintaroCellular,BintaroCellular,4.8,100+ terjual
Vivo Y36 5G / LTE 8/256 GB Garansi Resmi Y 36 Not Y15s Y16 Y22 Y35,Rp2.431.000,Distributor Ponsel,Distributor Ponsel,4.9,500+ terjual
Xiaomi Poco C65 8/256 GB 6/128 GB Garansi Resmi Poco C65 Not F5 X5 M5s,Rp1.397.000,Distributor Ponsel,Distributor Ponsel,4.9,1rb+ terjual
Xiaomi Redmi A3 4/128 GB 4/64 GB Garansi Resmi Redmi A3 Not A1 A2 ,Rp1.135.000,Distributor Ponsel,Distributor Ponsel,5.0,750+ terjual
OPPO Reno8 T 5G OPPO Reno 8T 5G,Rp2.972.500,jikalaku,jikalaku,4.8,100+ terjual
Samsung Galaxy A05 4/64 4/128 6/128 Garansi Resmi Sein By Tam,Rp1.115.000,Ini Toko Budi,Ini Toko Budi,4.9,4rb+ terjual
OPPO A78 4G 8/256GB Garansi Resmi - not Oppo A78 5G A58 A98 A77S,Rp2.611.000,Indotechstore,Indotechstore,5.0,250+ terjual
Samsung Galaxy A15,Rp2.390.500,jikalaku,jikalaku,5.0,1rb+ terjual
Samsung Galaxy A25 5G 8/128 GB Garansi Resmi SEIN,Rp3.398.000,Gudang-HP,Gudang-HP,5.0,70+ terjual
Xiaomi Poco X5 5G 8/256 GB Garansi Resmi,Rp2.868.000,Gudang-HP,Gudang-HP,5.0,100+ terjual
stiker anti radiasi hp laptop pc tv televisi alat elektronik NANOPATCH,Rp19.900,IMPStore,IMPStore,4.5,70+ terjual
Swing Bearing Kobelco SK200-8 J05E Slewing Bearing Circle YN40F00027F1,Rp17.500.000,MP parts,MP parts,,
TARKETT ID Essential 2.0 Vinyl Plank Lantai 2mm,Rp849.000,primaryhub,primaryhub,,
"Official POCO X6 | Powerful Snapdragon® 7s Gen 2 FIow AMOLED 120 Hz 64 - Black, 12+256",Rp3.699.000,Xiaomi Official Store,Xiaomi Official Store,4.9,8rb+ terjual
Nubia Neo 2 5G 8/256GB [AirTrigger + NFC + Unisoc T820 + Bypass Charging] - Garansi RESMI,Rp2.763.000,Nubia Authorized Official,Nubia Authorized Official,4.9,100+ terjual
XIAOMI REDMI 13C 8/256 NEW GARANSI RESMI XIAOMI,Rp1.753.000,KStore_,KStore_,,60+ terjual
VIVO Y27S 8/128 GB | VIVO Y27S 8/256 GB GARANSI RESMI VIVO INDONESIA,Rp1.549.900,189 CELL,189 CELL,5.0,100+ terjual
VIVO Y18 NFC 6/128 4/128 4/64 GB RAM 6GB 4GB ROM 128GB 64GB GARANSI RESMI,Rp1.449.000,JJ SHOP PEDIA 2,JJ SHOP PEDIA 2,5.0,40+ terjual
OPPO A60 8/256 GB 6/128 GB NFC Garansi Resmi Purple Blue Not A38 A57 A58,Rp2.250.000,Distributor Ponsel,Distributor Ponsel,4.9,500+ terjual
OPPO A98 5G 8GB/256GB (Garansi Resmi) - Flash Promo,Rp3.269.000,OPPO OFFICIAL STORE,OPPO OFFICIAL STORE,4.9,250+ terjual
Xiaomi Poco C65 8/256 6/128 GB Garansi Resmi Black Purple Blue,Rp1.397.000,Digitalisme,Digitalisme,5.0,250+ terjual
Xiaomi POCO C65 NFC 6/128GB - Garansi resmi,Rp1.370.000,Pandawatiga,Pandawatiga,5.0,100+ terjual
Samsung Galaxy S23 Ultra 5G,Rp14.610.000,jikalaku,jikalaku,5.0,100+ terjual
Infinix Note 40 8+256GB [+8Gb Extended RAM] Original Garansi Resmi ,Rp2.357.500,Tube Gadget,Tube Gadget,4.9,90+ terjual
Samsung Galaxy A25 5G 8/128GB + 8/256GB Garansi Resmi Sein Samsung,Rp3.446.000,36shop,36shop,4.9,60+ terjual
Tecno Pova 6 12/256GB - Garansi Resmi,Rp2.278.000,SONIC Gadgets,SONIC Gadgets,5.0,4 terjual
"iQOO 12 (16/512) - 1st Snapdragon 8 Gen 3, 6K VC Cooling , 120+5000mAH",Rp10.999.000,vivo Indonesia,vivo Indonesia,4.9,1rb+ terjual
Asus ROG Phone 8 Pro - Rog Phone 8 16/512 GB 12/256 GB Garansi Resmi,Rp10.136.000,Distributor Ponsel,Distributor Ponsel,5.0,500+ terjual
Running text RGB 100x35 OUTDOOR (ukuran termasuk frame),Rp1.500.000,RR LED,RR LED,,24 terjual
Ultimate Ears Wonderboom 2 Speaker Bluetooth Wonder Boom Wonderboom2 - Merah,Rp925.000,Official Brands,Official Brands,4.9,100+ terjual
Xiaomi Redmi 13C 6/128GB 8/256GB 50MP AI Triple Camera Garansi Xiaomi,Rp1.779.000,Gadget Point Store,Gadget Point Store,5.0,100+ terjual
Official Xiaomi POCO X5 Pro 5G (6GB/128GB) | (8GB/256GB) Snapdragon,Rp3.299.000,Xiaomi Official Store,Xiaomi Official Store,4.9,6rb+ terjual
Official realme C65 HP 8*8+128GB 45W Fast Charge | 5000mAh Massive Battery | G85 | 5000mAh Massive Battery | IP54 Water Resistance | Rainwater Smart Touch,Rp2.399.000,realme Official Store,realme Official Store,4.9,100+ terjual
xiaomi redmi 12 8/128 GB - New garansi resmi,Rp1.899.000,Ge2Gadget,Ge2Gadget,5.0,25 terjual
Xiaomi Redmi A3 4/128 GB [4GB+128GB] Garansi Resmi Xiaomi],Rp1.199.000,Planet Gadget,Planet Gadget,5.0,90+ terjual
realme c63 6/128,Rp1.745.000,h_bibi store,h_bibi store,4.9,250+ terjual
REALME NOTE 50 4/64 GB GARANSI RESMI TERMURAH,Rp1.276.400,Hapemall.id,Hapemall.id,5.0,50+ terjual
SAMSUNG GALAXY A55 5G - NFC - 8GB 256GB 8/256 - Garansi Resmi,Rp5.429.000,Shopyz ID,Shopyz ID,5.0,250+ terjual
Xiaomi Redmi 13C Support NFC 6/128GB - Garansi Resmi,Rp1.436.000,Pandawatiga,Pandawatiga,5.0,250+ terjual
OPPO A18 4/128 GB Garansi Resmi 4 GB 128 GB Not A17 A17K,Rp1.409.000,Distributor Ponsel,Distributor Ponsel,4.9,1rb+ terjual
XIAOMI REDMI NOTE 13 5G & 4G 8/256 GB RAM 8GB ROM 256GB RESMI,Rp2.289.000,JJ SHOP PEDIA 2,JJ SHOP PEDIA 2,5.0,30+ terjual
Xiaomi Redmi Note 13 5G - 8/256GB - GARANSI RESMI PT. XIAOMI,Rp2.799.000,Smile Mobile Phone Shop,Smile Mobile Phone Shop,4.9,50+ terjual
Xiaomi Poco M4 Pro 6/128 GB 8/256 GB GARANSI RESMI GARANSI TAM,Rp2.423.060,SM-Original,SM-Original,5.0,1rb+ terjual
Samsung Galaxy A15 LTE 8/256 GB 8/128 GB Garansi Resmi,Rp2.549.000,Dyana phone,Dyana phone,5.0,30+ terjual
SAMSUNG GALAXY S10+ 6GB/128GB 8GB/128GB S10 PLUS GARANSI RESMI SEIN,Rp3.025.000,BintaroCellular,BintaroCellular,4.9,250+ terjual
Xiaomi Redmi 13C 6/128 8/256 GB Garansi Resmi 6 128 8 256 GB not 12c,Rp1.427.000,Digitalisme,Digitalisme,4.9,500+ terjual
Xiaomi Mi 13T Pro 5G 12/256 16/512 GB Garansi Resmi TAM 12 256 16 512,Rp6.516.000,Digitalisme,Digitalisme,4.9,250+ terjual
Samsung Galaxy A25 5G 8/128 8/256 8GB 128GB 256GB Garansi Resmi SEIN,Rp3.449.000,FdS Store88,FdS Store88,4.9,60+ terjual
Samsung A15 5G 8/256 Garansi Resmi SEIN,Rp3.115.000,Slim N Fit,Slim N Fit,5.0,100+ terjual
HANDPHONE - SAMSUNG A55 GARANSI RESMI,Rp5.257.500,Scorpio Electro,Scorpio Electro,5.0,40+ terjual
Smartphone Samsung Galaxy S23 5G 8/256GB,Rp10.499.000,CELLULAR-WORLD,CELLULAR-WORLD,5.0,20 terjual
Xiaomi Poco X6 Pro 5G 12/512 12GB 512GB New Resmi Segel No Repack,Rp4.819.000,Liliblossom Galery,Liliblossom Galery,5.0,100+ terjual
OPPO A18 4/128 GB - Garansi Resmi,Rp1.378.000,Wahana Selular,Wahana Selular,5.0,100+ terjual
Samsung Galaxy A55 5G 12/256 GB - Garansi Resmi SEIN,Rp6.039.000,Wahana Selular,Wahana Selular,5.0,40+ terjual
Samsung Galaxy A15 5G,Rp3.002.500,jikalaku,jikalaku,5.0,500+ terjual
Samsung Galaxy S23 FE ( S23FE ) 5G 8/128GB 8/256GB,Rp7.950.000,Myfon Teleshop Official,Myfon Teleshop Official,4.9,500+ terjual
Samsung Galaxy S24 Ultra 12/256GB - Garansi Resmi,Rp17.600.000,Pandawatiga,Pandawatiga,5.0,27 terjual
Samsung Galaxy A15 LTE 8/256GB ,Rp2.999.000,Samsung Official Store,Samsung Official Store,5.0,750+ terjual
Realme C63 8/128 6/128 GB NFC Unisoc T612 6GB 8GB 128GB Garansi Resmi,Rp1.835.000,Digitech Mall,Digitech Mall,5.0,90+ terjual
Samsung galaxy A52s 5G / A52 256gb 128gb second original resmi sein,Rp2.220.000,iDeponsel,iDeponsel,4.8,50+ terjual
Vivo Y28 NFC 6/128 GB 8/128 GB 8/256 GB Garansi Resmi Not Y22 Y27 s,Rp1.993.000,Distributor Ponsel,Distributor Ponsel,4.9,250+ terjual
Infinix Note 40 8/256 Ram 8GB Rom 256GB Garansi Resmi,Rp2.429.000,Shadow Gold,Shadow Gold,4.9,100+ terjual
Xiaomi Redmi 13C Support NFC 8/256GB - Garansi Resmi,Rp1.683.000,Pandawatiga,Pandawatiga,5.0,100+ terjual
Xiaomi Redmi A3 4/128GB Garansi Resmi,Rp1.199.000,CELLULAR-WORLD,CELLULAR-WORLD,5.0,80+ terjual
INFINIX NOTE 40 8/256 GB GARANSI RESMI INFINIX NOTE 40 NFC 8/256 GB,Rp2.397.000,STR-STORE,STR-STORE,5.0,100+ terjual
Asus ROG Phone 8 - Garansi Resmi,Rp10.476.000,igoods gadget,igoods gadget,5.0,100+ terjual
(RESMI) Galaxy Tab S6 Lite 2024 4/128GB 128 GB WIFI LTE 4G,Rp4.703.000,Putra Group,Putra Group,4.9,40+ terjual
Tecno Spark 20C 4/128GB [+4GB Extended RAM] Garansi Resmi 12+1 Bulan,Rp1.145.000,TOPSELL OFFICIAL,TOPSELL OFFICIAL,5.0,60+ terjual
"Android sb manual asli produksi malang selatan ambil dari pabrik, tidak ori boleh dikembalikan",Rp103.000,wirawiri01,wirawiri01,,8 terjual
Asus ROG Phone 8 Pro 5G 24/1TB 16/512GB 16/256GB 12/256GB Resmi ROG 8,Rp10.191.000,Indotechstore,Indotechstore,5.0,100+ terjual
(RESMI) Galaxy S23 FE S23FE 8/128GB 8/256GB Green Mint Cream Graphite Original NEW,Rp6.958.000,Putra Group,Putra Group,5.0,40+ terjual
FOAM Aneka Rasa Populer,Rp120.000,LANA VAPE,LANA VAPE,5.0,30+ terjual
Tenda membran atap kanopi membrane murah berkualitas,Rp750.000,Sumber Canopy,Sumber Canopy,5.0,30+ terjual
ITEL A70 4/256 & 4/128 & 3/128 NEW GARANSI RESMI,Rp1.042.000,J3-SHOP,J3-SHOP,5.0,70+ terjual
Huruf Logo Timbul Akrilik 3D NYALA Laser Cutting Banyak Varian,Rp8.000,AcrylicWorks,AcrylicWorks,4.9,10rb+ terjual
Infinix Note 40 8/256 GB Garansi Resmi 1 Tahun,Rp2.293.000,NEW ERA PONSEL,NEW ERA PONSEL,5.0,750+ terjual
Xiaomi Redmi Note 13 5G / LTE 8/256GB Garansi Resmi - not Note 12,Rp2.186.000,Indotechstore,Indotechstore,4.9,1rb+ terjual
Samsung Galaxy Z Flip 4 8GB/256GB ex Resmi Indo,Rp5.050.000,Laku6 Authorized Reseller,Laku6 Authorized Reseller,4.9,90+ terjual
Infinix Smart 8 Pro 8/128 GB Garansi Resmi [8GB+128GB] Gold Blue Black,Rp1.326.000,Digitalisme,Digitalisme,4.9,250+ terjual
Xiaomi Redmi Note 13 5G - 8/256GB - 108MP - 120hz AMOLED Garansi Resmi,Rp2.719.000,Shopyz ID,Shopyz ID,5.0,60+ terjual
VIDEOTROON P 2.5 INDOOR HARGA PER M2,Rp9.750.000,RR LED,RR LED,5.0,17 terjual
Anker 312 Charger 25W PPS PD SFC Fast Charging USB Type C - A2642,Rp115.000,gajetto id,gajetto id,4.9,250+ terjual
Bundling Refill 15ml Starter Pack,Rp210.000,RELX Gallery,RELX Gallery,4.9,100+ terjual
Running text merah outdoor 200 cm x 20 cm ( ukuran termasuk box ),Rp1.050.000,RR LED,RR LED,4.9,100+ terjual
Anker 312 Charger 25W PPS PD SFC Fast Charging USB Type C - A2642 - Black,Rp114.000,ZTH Official,ZTH Official,5.0,4rb+ terjual
Samsung Galaxy A05s 4/64 GB 4/128 GB 6/128 GB A05 Garansi Resmi,Rp1.443.000,Digitech Mall,Digitech Mall,5.0,100+ terjual
Xiaomi Mi 14 Pro 12/512 GB 12/256 GB Xiaomi 14 Garansi Resmi Not 13T,Rp11.096.000,Distributor Ponsel,Distributor Ponsel,4.9,250+ terjual
OPPO Reno 11 5G 8/256 GB Garansi Resmi 8 256 GB Grey Green,Rp4.638.000,Digitalisme,Digitalisme,4.8,100+ terjual
Xiaomi Redmi Note 13 5G AMOLED MediaTek Dimensity 6080 Garansi Resmi ,Rp2.760.000,Gadget Point Store,Gadget Point Store,4.9,100+ terjual
HANDPHONE - RENO 8T 5G GARANSI RESMI,Rp3.999.000,Scorpio Electro,Scorpio Electro,5.0,24 terjual
XIAOMI REDMI 13C 6/128 GB | 8/256 GB GARANSI RESMI,Rp1.710.000,Q-Store Pedia,Q-Store Pedia,5.0,1rb+ terjual
VIVO Y17S RAM 6/128 GB | VIVO Y 17S RAM 4/64 GB GARANSI RESMI VIVO,Rp969.900,189 CELL,189 CELL,4.9,100+ terjual
Samsung Galaxy A55 5G 12/256GB | 8/256GB Ice Blue Navy Lilac Garansi Resmi SEIN,Rp5.470.000,Studio Ponsel,Studio Ponsel,5.0,30+ terjual
Vivo Y27s 8/256 8/128 GB NFC Garansi Resmi 8 256 128 GB Black,Rp1.589.000,Digitalisme,Digitalisme,5.0,100+ terjual
Xiaomi Redmi 13C 6/128 Segelbox Garansi Resmi,Rp1.475.000,eRbuy,eRbuy,5.0,30+ terjual
FOAM X Device All Colors,Rp180.000,MARGO VAPE,MARGO VAPE,5.0,12 terjual
RELAX Essential Infinity Artisan Refill Aneka Rasa,Rp25.000,RELX Gallery,RELX Gallery,4.9,70+ terjual
VIDEOTROON OUTDOOR P5 HARGA PER M2,Rp9.000.000,RR LED,RR LED,5.0,21 terjual
BELI 3 GRATIS 1 RELAX INFINITY ESSENTIAL ARTISAN COMPATIBLE ALL FLAVOR,Rp45.000,RELX Gallery,RELX Gallery,4.8,100+ terjual
XIAOMI REDMI NOTE 13 8/256 GB GARANSI RESMI REDMI NOTE 13 8/256 GB NFC,Rp2.280.000,STR-STORE,STR-STORE,5.0,100+ terjual
Samsung Galaxy A05S 6/128 GB Garansi Resmi Not A04S 04 A05,Rp1.788.000,Distributor Ponsel,Distributor Ponsel,4.9,250+ terjual
Samsung A15 8/128 Gb Garansi Resmi SEIN,Rp2.455.000,Slim N Fit,Slim N Fit,5.0,100+ terjual
Samsung Galaxy A15 5G 8/256GB Garansi Resmi,Rp3.399.000,CELLULAR-WORLD,CELLULAR-WORLD,5.0,30+ terjual
Samsung Galaxy A05 4/64GB Garansi Resmi,Rp1.299.000,CELLULAR-WORLD,CELLULAR-WORLD,5.0,50+ terjual
Samsung Galaxy A55 5G 8/256 GB - 12/256 GB - Garansi Resmi SEIN,Rp5.395.000,SL Cellular,SL Cellular,5.0,500+ terjual
Samsung Galaxy A05 Dual Camera 50MP 25W Fast Charge Garansi Resmi,Rp1.281.000,Doran Gadget,Doran Gadget,4.9,100+ terjual
Samsung Galaxy A35 5G,Rp4.535.000,jikalaku,jikalaku,5.0,100+ terjual
Xiaomi Redmi 13c NFC 8/256 6/128 GB Ram 8GB 6GB Rom 256GB 128GB Resmi,Rp1.455.000,JJ SHOP PEDIA 2,JJ SHOP PEDIA 2,5.0,26 terjual
Samsung Galaxy A15 4G 5G 8/128GB 8/256GB,Rp2.372.000,Myfon Teleshop Official,Myfon Teleshop Official,5.0,250+ terjual
Vivo Y67 4gb + 32gb Second Ori Murah dan Minus,Rp375.000,Bohan cell 0111,Bohan cell 0111,4.9,100+ terjual
Offical realme Note 50 HP 4GB+4GB*|64GB 90Hz Display | Mini Capsule,Rp1.309.000,realme Official Store,realme Official Store,5.0,500+ terjual
XIAOMI REDMI NOTE 13 8/256 GB GARANSI RESMI TERMURAH,Rp2.366.300,Hapemall.id,Hapemall.id,5.0,40+ terjual
Samsung A35 5G 8/256 GB Garansi Resmi SEIN,Rp4.485.000,Gudang-HP,Gudang-HP,5.0,100+ terjual
vivo V30e 5G,Rp3.666.000,jikalaku,jikalaku,4.9,100+ terjual
Xiaomi Redmi 12 8/256GB 8/128GB Garansi Resmi,Rp2.299.000,Indotechstore,Indotechstore,5.0,2rb+ terjual
INFINIX NOTE 40 8/256 GB GARANSI RESMI TERMURAH,Rp2.443.100,Hapemall.id,Hapemall.id,5.0,17 terjual
Samsung Galaxy S24 Ultra 5G (12/1Tb 12/512 12/256) Garansi Resmi Sein,Rp16.877.030,Ini Toko Budi,Ini Toko Budi,5.0,1rb+ terjual
Samsung Galaxy A35 5G 8/256 GB - Garansi Resmi SEIN,Rp4.346.000,Wahana Selular,Wahana Selular,5.0,50+ terjual
OPPO Reno 11 Pro 5G 12/512 GB - OPPO Reno 11 8/256 GB Garansi Resmi,Rp4.614.000,Distributor Ponsel,Distributor Ponsel,4.9,250+ terjual
Xiaomi Redmi 13 8/256 8/128 GB Extended RAM 8+8GB Garansi Resmi,Rp1.876.000,Digitalisme,Digitalisme,4.9,250+ terjual
Realme 10 Pro 5G 8/128 + 8/256 GB Garansi Resmi,Rp2.999.000,duniagadgetku,duniagadgetku,4.9,100+ terjual
Xiaomi Poco C65 NFC 6/128 | 8/256 GB Garansi Resmi,Rp1.549.000,NEW ERA PONSEL,NEW ERA PONSEL,5.0,2rb+ terjual
Xiaomi Redmi 12 8/128 GB 8/256 GB Garansi Resmi,Rp2.199.000,LJS OFFICIAL,LJS OFFICIAL,4.9,100+ terjual
realme C67,Rp1.977.000,jikalaku,jikalaku,5.0,100+ terjual
Samsung Galaxy A55 5G 8/256 GB - Garansi Resmi Sein 1 Tahun,Rp5.475.000,metro cell wtc,metro cell wtc,5.0,250+ terjual
Oppo A60 NFC 8/128 Garansi Resmi,Rp2.243.000,ACS,ACS,5.0,100+ terjual
Samsung Galaxy A05s 6/128GB,Rp1.995.000,SUPER GADGET - Samsung Authorized,SUPER GADGET - Samsung Authorized,5.0,250+ terjual
Samsung Galaxy A34 5G 8/128GB 8/256GB Garasni Resmi A34 Not A33 A54,Rp3.975.000,Distributor Ponsel,Distributor Ponsel,4.9,1rb+ terjual
Realme Note 50 4/64 GB Garansi Resmi Note 50 Not C51 C53 C55 C67,Rp1.207.000,Distributor Ponsel,Distributor Ponsel,5.0,1rb+ terjual
Vivo Y03 ( 4/64 - 4/128 - 6/128 ) Garansi Resmi New,Rp1.385.010,Ini Toko Budi,Ini Toko Budi,4.9,2rb+ terjual
"vivo Y36 (8/256) - 44W FlashCharge+5000mAh, NFC Multifunctions",Rp2.260.000,vivo Indonesia,vivo Indonesia,4.9,250+ terjual
XIAOMI REDMI NOTE 13 5G 8/256 GB GARANSI RESMI NOTE 13 5G NFC 8/256 GB,Rp2.663.000,STR-STORE,STR-STORE,4.9,100+ terjual
VIVO Y17S RAM 4/64GB | VIVO Y17 S RAM 6/128 | Y 17S GARANSI RESMI VIVO,Rp1.379.000,Grandstore cell,Grandstore cell,4.9,250+ terjual
Samsung Galaxy A05 4/64 4/128 6/128 RAM 4 6 ROM 64 128 GB 4GB 6GB 128G,Rp1.242.000,SUPER_GADGET,SUPER_GADGET,5.0,250+ terjual
SAMSUNG Galaxy Z Fold4 Fold 4 5G - 12/256GB - 12GB 256GB - RESMI SEIN,Rp15.499.000,Shopyz ID,Shopyz ID,5.0,100+ terjual
Xiaomi Redmi Note 13 8/128 GB Garansi Resmi,Rp2.102.000,Gudang-HP,Gudang-HP,5.0,50+ terjual
Samsung Galaxy A15 5G 8/128GB 8/256GB Garansi Resmi SEIN 8 128 256 GB,Rp2.376.000,Digitech Mall,Digitech Mall,4.9,250+ terjual
Vivo Y03 4/64GB + 4/128GB Garansi Resmi Vivo Indonesia,Rp1.215.000,duniagadgetku,duniagadgetku,5.0,750+ terjual
Vivo V29 5G 8/512 8/256 GB Garansi Resmi 8 256GB 512GB Not V27,Rp4.552.000,Digitalisme,Digitalisme,4.9,250+ terjual
XIAOMI REDMI A3 4/128 GB RESMI XIAOMI INDONESIA REDMI A3 128 GB,Rp1.132.000,STR-STORE,STR-STORE,5.0,100+ terjual
Realme C67 Garansi Resmi New,Rp2.573.010,Ini Toko Budi,Ini Toko Budi,4.9,2rb+ terjual
Samsung Galaxy A05S 6/128Gb Garansi Resmi Sein,Rp1.834.000,Ini Toko Budi,Ini Toko Budi,4.9,2rb+ terjual
Infinix GT 20 Pro 5G 12/256 GB 8/256 GB Garansi Resmi,Rp3.975.000,GH Shop Indonesia,GH Shop Indonesia,5.0,100+ terjual
Vivo Y17S 6/128 4/128 4/64 GB Garansi Resmi 6 128GB 4 64 GB,Rp2.999.000,Digitech Mall,Digitech Mall,4.9,500+ terjual
"Infinix Smart 8 4/128GB [+4GB Extended RAM] Garansi Resmi 1 Tahun - Green, 4/128GB",Rp1.200.500,Digital_Tech,Digital_Tech,4.9,25 terjual
"Xiaomi Poco C65 Fanoya Nappa Original Leather Hard Case Casing Soft Pc - BIRU NAVY., XM POCO C65.",Rp65.000,MrThebest,MrThebest,4.9,25 terjual
(RESMI) Samsung Galaxy A25 5G 8/256GB 256 GB Black Blue Yellow,Rp3.332.000,Putra Group,Putra Group,4.9,80+ terjual
VIVO Y100 5G NFC 8/256 VIVO Y 100 5G NFC 8/128 GARANSI RESMI INDONESIA,Rp3.599.000,Cuan Gadget.id,Cuan Gadget.id,5.0,13 terjual
VIVO V30 5G 12/512GB 8/256GB ( +12GB RAM EXTENDED ) GARANSI RESMI VIVO,Rp5.999.000,GadgetIDN,GadgetIDN,5.0,9 terjual
SAMSUNG A05S 6/128 GARANSI RESMI,Rp1.925.000,TemanSeluler,TemanSeluler,5.0,100+ terjual
Vivo Y28 8/256 8/128 6/128 GB Garansi Resmi 44W Fast Charge Hijau Orange,Rp1.993.000,Digitalisme,Digitalisme,4.9,100+ terjual
Infinix Smart 8 4/128 GB 3/64 GB Garansi Resmi,Rp1.041.000,GH Shop Indonesia,GH Shop Indonesia,5.0,750+ terjual
Samsung Galaxy M15 5G 6/128GB,Rp2.499.000,Samsung Official Store,Samsung Official Store,4.9,500+ terjual
Xiaomi Redmi A3 4GB/128GB RAM 4+4 GB ROM 128 GB Garansi Resmi Xiaomi,Rp1.189.000,Doran Gadget,Doran Gadget,5.0,60+ terjual
REALME C67 4G NFC 8/256 REALME C 67 4G 8/128 GARANSI RESMI INDONESIA,Rp2.399.000,Cuan Gadget.id,Cuan Gadget.id,5.0,29 terjual
(RESMI) Samsung Galaxy M54 8/256GB 256 GB 5G Dark Blue Silver,Rp4.410.000,Putra Group,Putra Group,5.0,7 terjual
VIVO V30 PRO 5G 12/512GB ( +12GB EXTENDED RAM ) GARANSI RESMI VIVO,Rp8.999.000,GadgetIDN,GadgetIDN,5.0,1 terjual
[RESMI] Samsung Galaxy M54 5G 8/256 GARANSI RESMI BNIB NO REPACK,Rp4.289.340,GADGED PRO,GADGED PRO,,
Realme Note 50 4/64GB [4GB+64GB] Garansi Resmi Realme Indonesia,Rp1.196.000,duniagadgetku,duniagadgetku,5.0,250+ terjual
HANDPHONE - SAMSUNG S24 PLUS GARANSI RESMI,Rp13.980.000,Scorpio Electro,Scorpio Electro,5.0,23 terjual
Xiaomi Poco X6 5G 12/256 Garansi Resmi,Rp3.638.000,Indigo Celuler,Indigo Celuler,5.0,250+ terjual
Vivo Y100 5G NFC 8/256GB 8/128GB Garansi Resmi 128 GB 256 GB,Rp2.516.000,Indotechstore,Indotechstore,5.0,500+ terjual
OPPO A60 RAM 8/256 GB | OPPO A 60 RAM 8/128 GB GARANSI RESMI OPPO INDONESIA,Rp2.199.900,189 CELL,189 CELL,5.0,100+ terjual
OPPO Reno10 Pro 5G 12/256GB,Rp4.801.000,jikalaku,jikalaku,5.0,30+ terjual
ADVAN smartphone NASA PRO 2GB/32GB Android 11,Rp699.000,Advan Official Store,Advan Official Store,4.9,1rb+ terjual
Oppo A60 8/128GB Garansi Resmi,Rp2.599.000,CELLULAR-WORLD,CELLULAR-WORLD,5.0,13 terjual
Xiaomi Redmi A3 4/128 GB Garansi Resmi,Rp1.196.000,MetaCore,MetaCore,4.9,29 terjual
Xiaomi Redmi Note 13 Pro 5G 8/256 GB Garansi Resmi,Rp4.281.000,Gudang-HP,Gudang-HP,5.0,100+ terjual
OPPO Reno10 5G 8GB + 256GB,Rp4.035.000,jikalaku,jikalaku,5.0,100+ terjual
Infinix Note 40 Pro 5G 8/256 GB - Garansi Resmi,Rp3.347.000,Wahana Selular,Wahana Selular,5.0,40+ terjual
Infinix Note 40 NFC 8/256GB Garansi Resmi infinix 1 Tahun,Rp2.335.000,36shop,36shop,4.9,100+ terjual
VIVO Y28 NFC 8/256 8/128 6/128 GB RAM 8GB 6GB ROM 256GB 128GB GARANSI RESMI,Rp2.090.000,JJ SHOP PEDIA 2,JJ SHOP PEDIA 2,5.0,25 terjual
Xiaomi Redmi Note 12 Pro 5G Ram 8/256GB,Rp2.660.000,Sevvan Cell,Sevvan Cell,4.5,80+ terjual
Vivo Y100 4G NFC 8/256 8/128 GB Garansi Resmi 8 128 256 GB,Rp2.646.000,Digitalisme,Digitalisme,4.6,100+ terjual
Xiaomi Redmi 13c NFC Ram 8/256GB Garansi Resmi,Rp1.479.000,Herindo88cell,Herindo88cell,5.0,100+ terjual
Samsung Galaxy S23 Fe (8/256 8/128) Garansi Resmi Sein,Rp8.999.000,Ini Toko Budi,Ini Toko Budi,4.9,1rb+ terjual
Oppo A38 [4/128GB] [6/128GB] Garansi Resmi Oppo Indonesia,Rp1.606.000,duniagadgetku,duniagadgetku,4.9,100+ terjual
Vivo V30 Pro 5G NFC 12/512GB Garansi Resmi Indonesia,Rp10.999.000,Digitech Mall,Digitech Mall,5.0,100+ terjual
Samsung Galaxy A54 5G 8/256 GB Garansi Resmi SEIN,Rp4.807.000,Gudang-HP,Gudang-HP,4.9,2rb+ terjual
Vivo Y03 4/64GB 4/128GB,Rp1.189.000,Myfon Teleshop Official,Myfon Teleshop Official,4.9,250+ terjual
vivo Y28,Rp2.007.000,jikalaku,jikalaku,5.0,100+ terjual
Samsung Galaxy S23 FE 8/256GB,Rp8.728.500,Samsung Official Store,Samsung Official Store,4.9,500+ terjual
Samsung Galaxy S24+ 12/256GB - Garansi Resmi,Rp14.499.000,Pandawatiga,Pandawatiga,5.0,18 terjual
Realme 12 Pro Plus 5G 8/256 GB Garansi Resmi 8 256 512 GB Beige Blue,Rp3.602.000,Digitalisme,Digitalisme,5.0,100+ terjual
Samsung Z Flip 5 ( Flip5 ) 8/512GB,Rp10.136.500,Myfon Teleshop Official,Myfon Teleshop Official,5.0,90+ terjual
(RESMI) Samsung Galaxy A55 8/128GB 8/256GB 12/256GB 5G Navy Blue Lilac,Rp5.292.000,Putra Group,Putra Group,5.0,1rb+ terjual
REALME C53 NFC 8/256 REALME C 53 NFC 6/128 GARANSI RESMI INDONESIA,Rp1.999.000,Cuan Gadget.id,Cuan Gadget.id,5.0,25 terjual
Oppo A60 8/256GB 8/128GB 6/128GB Garansi Resmi - not A58 A78 A57,Rp2.236.000,Indotechstore,Indotechstore,4.9,1rb+ terjual
Xiaomi Poco X5 5G 8/256GB 6/128GB Garansi Resmi Poco X5 5G 8 GB 256 GB,Rp2.823.000,Distributor Ponsel,Distributor Ponsel,4.9,500+ terjual
Xiaomi Redmi Note 13 4G 8/256Gb | 5G 8/256,Rp2.313.000,Global Teleshop,Global Teleshop,5.0,90+ terjual
Xiaomi Redmi Note 13 8/128 GB - Garansi Resmi,Rp2.086.000,Wahana Selular,Wahana Selular,5.0,17 terjual
Samsung Galaxy A05s FREE Adaptor 25W,Rp1.896.500,jikalaku,jikalaku,5.0,1rb+ terjual
Xiaomi Poco F6 Pro 5G 12/256 GB 8/256 GB Garansi RESMI not F5,Rp5.113.000,Digitech Mall,Digitech Mall,5.0,250+ terjual
"Xiaomi Redmi Note 13 4G Chipset Snapdragon® 685 Layar 6.67"" AMOLED",Rp2.169.000,promodazzle,promodazzle,5.0,80+ terjual
Oppo Reno 11F 5G 8/256 Amoled Dimensity 7050 Garansi Resmi,Rp3.756.000,Digitech Mall,Digitech Mall,4.9,250+ terjual
Realme C67 8/128 GB + 8/256 GB Garansi Resmi,Rp2.265.000,duniagadgetku,duniagadgetku,5.0,100+ terjual
Xiaomi Redmi Note 13 Pro 5G 200MP Snapdragon 7s Gen 2 Garansi Resmi,Rp4.335.000,Gadget Point Store,Gadget Point Store,5.0,100+ terjual
OPPO A38 6/128 4/128 GB Garansi Resmi 4 128 6 128 GB Black Gold,Rp1.585.000,Digitalisme,Digitalisme,5.0,100+ terjual
Samsung Galaxy A55 5G,Rp5.277.000,jikalaku,jikalaku,5.0,500+ terjual
Vivo Y18 NFC 6/128 4/128 4/64GB Helio G85 IP54 Garansi Resmi,Rp1.451.000,Digitech Mall,Digitech Mall,5.0,40+ terjual
Samsung Galaxy A55 5G 12/256 8/256 8/128 Garansi Resmi,Rp5.550.000,ace cellular,ace cellular,5.0,90+ terjual
Xiaomi Poco C65 8/256 GB & 6/128 GB Garansi Resmi,Rp1.449.000,eRbuy,eRbuy,4.9,25 terjual
Redmi 13C ram 6/128gb Garansi resmi,Rp1.475.000,Garden Cell Official,Garden Cell Official,5.0,250+ terjual
(RESMI) Samsung Galaxy S24 Ultra 256GB 512GB 1TB Black Gray,Rp17.444.000,Putra Group,Putra Group,5.0,500+ terjual
HANDPHONE - INFINIX NOTE 40,Rp2.313.500,Scorpio Electro,Scorpio Electro,4.7,100+ terjual
Xiaomi Poco C65 8/256 GB & 6/128 GB Garansi Resmi,Rp1.439.900,Farish M,Farish M,5.0,250+ terjual
Realme C63 (6/128 8/128)  Garansi Resmi,Rp1.724.660,Ini Toko Budi,Ini Toko Budi,5.0,1rb+ terjual
Realme C63 8/128 6/128 GB Garansi Resmi Green Blue 6 128 GB 8 128 GB,Rp1.780.000,Digitalisme,Digitalisme,5.0,100+ terjual
Realme Note 50 (4/128Gb / 4/64Gb) Garansi Resmi New,Rp1.399.000,Ini Toko Budi,Ini Toko Budi,4.9,1rb+ terjual
Xiaomi Redmi Note 13 8/256 GB Garansi Resmi,Rp2.294.000,Gudang-HP,Gudang-HP,4.9,100+ terjual
Xiaomi Redmi Note 13 4G 8/128GB Garansi Resmi,Rp2.199.000,CELLULAR-WORLD,CELLULAR-WORLD,5.0,21 terjual
Samsung Galaxy A05 FREE Adaptor 25W,Rp1.208.000,jikalaku,jikalaku,5.0,1rb+ terjual
Infinix GT 20 Pro 5G 8+256GB [+8GB Extended RAM] Original Garansi Resmi,Rp3.979.000,TOPSELL OFFICIAL,TOPSELL OFFICIAL,5.0,9 terjual
"vivo Y35 (8/128) - RAM 8GB+8GB Extended, 44W FlashCharge+5000mAh",Rp1.872.000,vivo Indonesia,vivo Indonesia,4.9,1rb+ terjual
INFINIX HANDPHONE GT 20 Pro 256/12 GARANSI RESMI,Rp4.449.000,GIMU GIMU MOBILE,GIMU GIMU MOBILE,5.0,50+ terjual
Offical realme Note 50 HP 4GB+4GB*|64GB 90Hz Display | Mini Capsule,Rp1.309.000,realme Official Store,realme Official Store,5.0,500+ terjual
"vivo iQOO Z7 (12/256) - SDM 782G, 120W FlashCharge + 5000mAh, 64MP OIS",Rp3.686.000,vivo Indonesia,vivo Indonesia,4.9,5rb+ terjual
Infinix Note 40 8/256GB - Garansi Resmi 1 Tahun,Rp2.323.000,SONIC Gadgets,SONIC Gadgets,5.0,100+ terjual
Infinix Hot 40 Pro 8/256 GB Garansi Resmi Not 30i 40i 30 NFC 30 Play,Rp1.973.000,Distributor Ponsel,Distributor Ponsel,4.9,750+ terjual
OPPO A38 4/128 GB Garansi Resmi A38 Not A17 A33 A54 A57 A78 A98,Rp1.585.000,Distributor Ponsel,Distributor Ponsel,4.9,1rb+ terjual
Samsung Galaxy A35 5G 8/256 GB - Garansi Resmi Sein 1 Tahun,Rp4.549.000,metro cell wtc,metro cell wtc,5.0,100+ terjual
Samsung A05 4/128 Garansi Resmi - Black,Rp1.421.050,ACS,ACS,5.0,500+ terjual
Xiaomi Redmi 13C MediaTek Helio G85 50MP 5000mAh 18W PD Charging,Rp1.483.000,Doran Gadget,Doran Gadget,5.0,100+ terjual
Vivo X100 Pro 5G 16/512GB 12/256GB Dimensity 9300 Garansi Resmi,Rp10.511.000,Indotechstore,Indotechstore,5.0,60+ terjual
OPPO A60 8GB+256GB - Garansi Resmi,Rp2.211.000,SONIC Gadgets,SONIC Gadgets,5.0,30+ terjual
"vivo Y17s (4/64) - 50MP Camera, 15W FlashCharge+5000mAH - Glitter Purple",Rp1.299.000,vivo Indonesia,vivo Indonesia,5.0,2rb+ terjual
［Sinyal Permanen］GOOGLE PIXEL 6/6PRO SECOND ORIGINALGOOGLE PIXEL 6 Pro BEKAS 5G,Rp3.650.000,oscar68,oscar68,4.5,30+ terjual
Samsung Galaxy Z Fold 6 12/512GB,Rp27.297.000,MHI - Samsung Authorized,MHI - Samsung Authorized,,
Samsung Galaxy S23 Ultra S23+ Plus S23 128GB 256GB 512GB 1TB,Rp9.350.000,iDigitalid,iDigitalid,4.9,100+ terjual
Samsung Galaxy M15 5G 6/128 GB Garansi Resmi Not M14 M54,Rp2.335.000,Distributor Ponsel,Distributor Ponsel,4.9,100+ terjual
Oppo Reno 11F 8/256GB Garansi Resmi - Not Reno 10 5G,Rp3.635.000,Indotechstore,Indotechstore,4.9,500+ terjual
Vivo Y28 6/128 8/128 8/256 NFC IP68 Garansi Resmi,Rp2.090.000,Digitech Mall,Digitech Mall,5.0,100+ terjual
Xiaomi Redmi Note 13 5G 8/256 GB - Garansi Resmi Xiaomi Indonesia,Rp2.658.000,Universe Store,Universe Store,5.0,40+ terjual
Samsung Galaxy A05 4/64GB,Rp1.299.000,Atlantic - Samsung Authorized,Atlantic - Samsung Authorized,5.0,100+ terjual
Samsung Galaxy A54 8/256GB 8/128GB 5G Garansi Resmi Not A13 A14 A34,Rp5.220.000,Digitalisme,Digitalisme,4.9,1rb+ terjual
xiaomi poco x6 pro 5g 12/512gb,Rp4.999.000,Galbyna Seller,Galbyna Seller,4.9,50+ terjual
Xiaomi Redmi Note 13 Pro 5G 8/256GB Garansi Resmi Indonesia ,Rp4.399.000,CELLULAR-WORLD,CELLULAR-WORLD,5.0,40+ terjual
Samsung Galaxy M34 5G 8/128 GB Garansi Resmi 1 Tahun,Rp3.185.000,NEW ERA PONSEL,NEW ERA PONSEL,5.0,250+ terjual
［Sinyal Permanen］GOOGLE PIXEL 7/GOOGLE PIXEL 7 PRO 5G 12-128GB SECOND ORIGNAL,Rp4.455.000,oscar68,oscar68,4.1,19 terjual
ADVAN Hammer R6 Handphone Poliponik Feature Phone Garansi Resmi,Rp189.000,Advan Official Store,Advan Official Store,4.3,40+ terjual
Xiaomi Poco F6 5G 12/512GB - Garansi Resmi,Rp4.897.000,SONIC Gadgets,SONIC Gadgets,,3 terjual
Samsung Galaxy A54 5G 8/256GB 8/128GB Garasni Resmi A54 Not A33 A34,Rp4.316.000,Distributor Ponsel,Distributor Ponsel,4.9,2rb+ terjual
Samsung Galaxy S23 5G 128GB/256GB,Rp10.499.000,Samsung Exclusive Official Store,Samsung Exclusive Official Store,4.9,25 terjual
Samsung Galaxy A05 4/64 | 4/128 | 6/128 Garansi Resmi,Rp1.399.000,PVBLIC ONE,PVBLIC ONE,5.0,100+ terjual
Infinix Note 40 8/256 GB Garansi Resmi,Rp2.327.000,GH Shop Indonesia,GH Shop Indonesia,5.0,250+ terjual
Xiaomi Redmi Pad SE 4/128 Garansi Resmi,Rp2.099.999,Darlen shop,Darlen shop,5.0,50+ terjual
Oppo A58 8/128 6/128 GB Garansi Resmi Black Green 6 128 8 128 GB,Rp1.932.000,Digitalisme,Digitalisme,5.0,100+ terjual
Samsung Galaxy S23 FE 8/256GB ,Rp7.995.000,H2 - Samsung Authorized,H2 - Samsung Authorized,5.0,100+ terjual
Samsung Galaxy S24 Ultra 5G 12/256 GB Garansi Resmi SEIN,Rp17.282.000,Gudang-HP,Gudang-HP,5.0,60+ terjual
Samsung Galaxy S23 Ultra 12/256 12/512 GB 12/1TB 12GB 256GB 512GB SEIN,Rp17.999.000,SUPER_GADGET,SUPER_GADGET,4.9,250+ terjual
(RESMI) Samsung Galaxy Z Flip 5 5G 256GB 512GB Mint Graphite,Rp11.270.000,Putra Group,Putra Group,5.0,500+ terjual
Oppo A18 4/128 GB Garansi Resmi Oppo Indonesia,Rp1.395.000,duniagadgetku,duniagadgetku,4.9,250+ terjual
Samsung Galaxy A05 4/64GB | 4/128GB | 6/128GB - Garansi SEIN,Rp1.281.000,Gadget Point Store,Gadget Point Store,5.0,90+ terjual
HP Samsung Galaxy A14 RAM 4/64GB Smartphone 5G Dengan fungsi NFC,Rp1.280.000,hp reno11 pro,hp reno11 pro,4.9,22 terjual
Samsung Galaxy A25 5G / LTE 8/256 GB Garansi Resmi A 25 5G Not A24 A15,Rp3.312.000,Distributor Ponsel,Distributor Ponsel,5.0,1rb+ terjual
(TERMURAH) Samsung Galaxy A35 8/128GB 8/256GB 5G Navy Blue Lilac New Resmi Sein,Rp4.250.000,EraZone,EraZone,4.7,20 terjual
"(RESMI) Samsung Galaxy A55 8/128GB 8/256GB 12/256GB 5G Navy Blue Lilac - 8/256GB Promo, Awesome Navy",Rp5.292.000,Putra Group,Putra Group,5.0,1rb+ terjual
"vivo Y36 (8/256) - 44W FlashCharge+5000mAh, NFC Multifunctions - Vibrant Gold",Rp2.260.000,vivo Indonesia,vivo Indonesia,4.9,250+ terjual
Vivo X100 Pro 16/512GB X100 12/256GB,Rp10.443.000,Myfon Teleshop Official,Myfon Teleshop Official,5.0,100+ terjual
Xiaomi Redmi Note 13 Pro 5G,Rp4.177.000,jikalaku,jikalaku,5.0,500+ terjual
XIAOMI REDMI A3 - 4GB 128GB 4/128 - GARANSI RESMI,Rp1.169.000,Dilayani Tokopedia,Dilayani Tokopedia,5.0,100+ terjual
Samsung Galaxy A15 5G 8/256GB,Rp3.139.000,SUPER GADGET - Samsung Authorized,SUPER GADGET - Samsung Authorized,5.0,100+ terjual
Samsung Galaxy S24 Ultra 12/256GB Handphone AI,Rp20.349.000,Samsung Official Store,Samsung Official Store,5.0,26 terjual
Samsung Galaxy Z Flip 5 5G 8/512GB 8/256GB 8/128GB - Flip5 RESMI SEIN,Rp11.975.000,Digitalisme,Digitalisme,5.0,250+ terjual
Samsung Galaxy Z Fold5 - Garansi Resmi,Rp18.288.000,jikalaku,jikalaku,4.9,30+ terjual
Infinix GT 20 Pro 5G 8/256 GB NFC MD 8200 Ultimate Garansi Resmi,Rp4.092.000,Digitech Mall,Digitech Mall,5.0,250+ terjual
Redmi Note 13  Pro PLUS 5G,Rp5.569.000,jikalaku,jikalaku,4.9,100+ terjual
Samsung Galaxy A55 5G 8/256GB & 12/256GB Original Garansi Resmi,Rp5.500.000,TemanSeluler,TemanSeluler,5.0,70+ terjual
Oppo A78 4G NFC 8/256GB Garansi Resmi - Hitam - Hijau,Rp2.560.000,RR Numero Uno,RR Numero Uno,5.0,100+ terjual
Oppo A60 [8+128GB] [8+256GB] Garansi Resmi 1 Tahun,Rp2.319.000,BintangTimurSelindo,BintangTimurSelindo,5.0,21 terjual
Samsung Galaxy A05 4/64GB - Grs resmi Sein,Rp1.139.000,Pluto sellular,Pluto sellular,5.0,100+ terjual
"vivo Y17s (6/128) - 50MP Camera, 15W FlashCharge+5000mAH, IP54",Rp1.699.000,vivo Indonesia,vivo Indonesia,5.0,1rb+ terjual
Xiaomi Poco X6 Pro 5G NFC - 12GB 512GB (12/512) AMOLED Garansi Resmi,Rp4.910.000,CA Shop,CA Shop,5.0,500+ terjual
(RESMI) Samsung Galaxy S23 256GB 128GB Black Green Cream Lavender,Rp13.999.000,Putra Group,Putra Group,5.0,250+ terjual
Vivo V30e 5G 8/256GB Garansi Resmi - not vivo V29e V27e V27 V29,Rp3.635.000,Indotechstore,Indotechstore,5.0,250+ terjual
Samsung Galaxy A15 NFC 8/256 Garansi Resmi,Rp2.653.000,ACS,ACS,5.0,100+ terjual
Apple iPhone 13 Pro 256 GB 128 GB - iPhone 13 Garansi Resmi Not iP 11,Rp9.950.000,Distributor Ponsel,Distributor Ponsel,5.0,500+ terjual
Infinix Hot 40i NFC 8/256 GB Garansi Resmi,Rp1.605.000,NEW ERA PONSEL,NEW ERA PONSEL,5.0,750+ terjual
Infinix GT 20 Pro,Rp4.399.000,jikalaku,jikalaku,5.0,30+ terjual
Xiaomi Redmi 12 8/256 GB New Segel Garansi Resmi ,Rp1.999.000,Alpa Phone,Alpa Phone,5.0,70+ terjual
Xiaomi REDMI NOTE 13 8/256 GB - Garansi Resmi,Rp2.285.000,Wahana Selular,Wahana Selular,5.0,80+ terjual
Vivo V30 5G 12/512GB 8/256GB NFC 80W FlashCharge 100% Original,Rp5.016.000,Super Hp Store,Super Hp Store,4.9,100+ terjual
XIAOMI REDMI NOTE 13 5G 8/256 GB GARANSI RESMI TERMURAH,Rp2.757.000,Hapemall.id,Hapemall.id,4.8,21 terjual
SAMSUNG GALAXY A55 5G 8/128GB 8/256GB 12/256GB [Garansi Resmi Samsung],Rp5.999.000,Planet Gadget,Planet Gadget,5.0,30+ terjual
Xiaomi Redmi 13C 6/128 8/256 RAM 6GB 8GB ROM 128GB 256GB,Rp1.499.000,Diamond Handphone Bali,Diamond Handphone Bali,5.0,100+ terjual
xiaomi redmi note 13 5g ram 8/256gb garansi resmi,Rp2.730.000,Garden Cell Official,Garden Cell Official,5.0,60+ terjual
Xiaomi Redmi A3 4/128 Garansi Resmi Xiaomi Indonesia,Rp1.159.000,SINAR TERANG ABADI 1 & 2,SINAR TERANG ABADI 1 & 2,5.0,100+ terjual
Samsung A05 4/128 Garansi ResmI SEIN,Rp1.480.000,Slim N Fit,Slim N Fit,5.0,50+ terjual
Realme C63 NFC 6/128GB 8/128GB,Rp1.840.000,Myfon Teleshop Official,Myfon Teleshop Official,5.0,21 terjual
"vivo Y28 (8/128) - 44W FlashCharge+6000mAH, Dynamic Design, Dual Speaker + 300% Audio",Rp2.599.000,vivo Indonesia,vivo Indonesia,5.0,30+ terjual
INFINIX SMART 8 PRO 8/128 GB GARANSI RESMI TERMURAH,Rp1.363.600,Hapemall.id,Hapemall.id,4.9,80+ terjual
Samsung Galaxy A54 5G NFC 8/256 Garansi Resmi,Rp4.306.800,ACS,ACS,4.9,1rb+ terjual
Xiaomi Poco M5s RAM 4/64GB - 6/128GB Garansi Resmi,Rp1.781.010,Bintang Terang Cell,Bintang Terang Cell,4.8,9 terjual
OPPO Reno 11F 5G 8/256 GB Garansi Resmi Reno 11 F 8 GB 256 GB Not 10,Rp3.649.000,Distributor Ponsel,Distributor Ponsel,4.9,750+ terjual
VIVO Y19 8/256 GB GARANSI 1TH - Hitam,Rp735.000,WancellStore,WancellStore,4.9,100+ terjual
OPPO A18 4/128 GB Garansi Resmi 4 GB 128 GB Not A17 A17K,Rp1.409.000,Distributor Ponsel,Distributor Ponsel,4.9,1rb+ terjual
SAMSUNG GALAXY A05S RAM 6/128GB-GARANSI RESMI SEIN,Rp2.099.000,Samsung Store Mal Panakkukang,Samsung Store Mal Panakkukang,5.0,8 terjual
Samsung Galaxy S22 Ultra 5G 256GB 512GB Resmi Sein,Rp12.999.000,T2 Shop,T2 Shop,4.9,50+ terjual
Apple iPhone 11 128GB Fullset AllSim Ori Mulus100% 3utools All Green,Rp4.128.000,Firefoxstore,Firefoxstore,4.8,50+ terjual
VIVO X100 PRO 5G 16/512 & X100 5G 12/256 GARANSI RESMI,Rp10.183.060,Bintangempat cell,Bintangempat cell,5.0,2 terjual
ADVAN smartphone NASA PRO 2GB/32GB Android 11,Rp699.000,Advan Official Store,Advan Official Store,4.9,1rb+ terjual
(RESMI) Samsung Galaxy Z Fold 6 Fold6 5G 256GB 512GB 1TB Silver Shadow Navy Pink,Rp23.030.000,Putra Group,Putra Group,,6 terjual
Samsung Galaxy M33 5G 8/128 Garansi Resmi Ram 8Gb 128Gb 6/128,Rp2.875.000,Laku9,Laku9,5.0,17 terjual
Samsung Galaxy A15 5G 8/256Gb - Garansi Resmi Sein 1Th,Rp3.149.000,metro cell wtc,metro cell wtc,5.0,100+ terjual
Samsung Galaxy S24 5G (8/512Gb / 8/256Gb) Garansi Resmi Sein New,Rp11.446.000,Ini Toko Budi,Ini Toko Budi,4.9,1rb+ terjual
VIVO V30 5G RAM 8/256GB | VIVO V 30 5G RAM 12/512GB GARANSI RESMI VIVO,Rp4.999.000,HERO PONSEL.,HERO PONSEL.,5.0,30+ terjual
Oppo A60 8/256 6/128 GB Garansi Resmi 6 128 8 256 GB Purple Blue,Rp2.255.000,Digitalisme,Digitalisme,4.9,250+ terjual
Samsung Galaxy A05 4/ 64 GB - Garansi Resmi Samsung 1 Tahun,Rp1.199.000,metro cell wtc,metro cell wtc,5.0,250+ terjual
(TERMURAH) Samsung Galaxy Z Flip 6 Ram 12 256GB 512GB New RESMI SEIN,Rp11.400.000,EraZone,EraZone,5.0,19 terjual
Samsung Z Fold 6 12/1TB 12/512 GB 12/256 GB Garansi Resmi Z Fold6 Not Fold 5 Fold5,Rp22.435.000,Distributor Ponsel,Distributor Ponsel,5.0,100+ terjual
"vivo Y28 (8/128) - 44W FlashCharge+6000mAH, Dynamic Design, Dual Speaker + 300% Audio",Rp2.599.000,vivo Indonesia,vivo Indonesia,5.0,30+ terjual
Apple iPhone 15 Plus Garansi Resmi - 128GB 256GB 512GB,Rp15.329.000,iSmile Official Store,iSmile Official Store,5.0,250+ terjual
"vivo Y17s (6/128) - 50MP Camera, 15W FlashCharge+5000mAH, IP54",Rp1.699.000,vivo Indonesia,vivo Indonesia,5.0,1rb+ terjual
Redmi 13C,Rp1.438.000,jikalaku,jikalaku,5.0,1rb+ terjual
Xiaomi Redmi Note 13 Pro 5G 8/256GB Garansi Resmi - not Note 12 Pro 5G,Rp3.491.000,Indotechstore,Indotechstore,4.9,250+ terjual
Vivo V30e 5G NFC 8/128GB 8/256GB Garansi Resmi Indonesia,Rp3.654.000,Digitech Mall,Digitech Mall,5.0,100+ terjual
Xiaomi Poco C65 8/256 GB 6/128 GB x5 pro m5 13c 12 13 note 30 spark 20,Rp1.300.000,ZeiL Store,ZeiL Store,5.0,250+ terjual
Samsung Galaxy Z Fold 5 5G 256GB 512GB 1TB Garansi Resmi Indonesia,Rp19.250.000,iDigitalid,iDigitalid,5.0,100+ terjual
Samsung Galaxy S24 Ultra 5G 12/256 12/512 GB 12/1 TB 12GB Resmi SEIN,Rp18.699.000,FdS Store88,FdS Store88,5.0,250+ terjual
Xiaomi Redmi Note 13 Pro 5G - 8/256GB - GARANSI RESMI PT. XIAOMI,Rp4.275.000,Smile Mobile Phone Shop,Smile Mobile Phone Shop,5.0,60+ terjual
Xiaomi 13T Leica [ 12/256GB ] BNIB Fresh No Repack - Garansi Resmi,Rp6.799.000,MARS B Official,MARS B Official,5.0,100+ terjual
Xiaomi Redmi Note 13 Pro 8/256 GB Garansi Resmi,Rp3.316.000,Gudang-HP,Gudang-HP,5.0,40+ terjual
Samsung Galaxy Z Fold 5 1TB 512GB 256GB Ex Sein Resmi,Rp16.000.000,JJStore.ID,JJStore.ID,4.9,30+ terjual
Google Pixel 8 Pro 5G 128GB 256GB 512GB Google Tensor G3 Pajak Resmi,Rp17.998.000,Samudera Sports,Samudera Sports,5.0,30+ terjual
(TERMURAH) Samsung Galaxy Z Fold 6 Ram 12 256GB 512GB 1TB Black Silver White Pink Navy New RESMI SEIN,Rp23.800.000,EraZone,EraZone,5.0,21 terjual
Oppo A58 8/128GB 6/128GB Garansi Resmi - not Oppo A78 A98 A38,Rp1.954.000,Indotechstore,Indotechstore,4.9,1rb+ terjual
(TERMURAH) Samsung Galaxy S24 Ultra 1Tb 512Gb 256Gb Black Gray Violet,Rp17.354.000,EraZone,EraZone,5.0,100+ terjual
Vivo Y100 8/256GB Terbaru 2024 80W FlashCharge Garansi Resmi,Rp2.669.000,XCI Official Store,XCI Official Store,4.9,70+ terjual
Handphone HP Samsung Flip Lipat Caramel GT-E1272 DUAL SIM Hitam Putih,Rp155.000,Luckyaccgrosiran,Luckyaccgrosiran,4.7,7rb+ terjual
Infinix Smart 8 Pro 8/128 GB Garansi Resmi RAM Up to 16GB* (8GB + 8GB),Rp1.307.000,GH Shop Indonesia,GH Shop Indonesia,4.9,500+ terjual
New 2024!!! Xiaomi Redmi Note 13 - 8/128GB - GARANSI RESMI PT XIAOMI !,Rp2.199.000,Smile Mobile Phone Shop,Smile Mobile Phone Shop,4.9,22 terjual
HANDPHONE - INFINIX SMART 8 GARANSI RESMI,Rp1.043.000,Scorpio Electro,Scorpio Electro,5.0,250+ terjual
Xiaomi REDMI NOTE 13 PRO 5G 12/512GB - Garansi Resmi,Rp4.690.000,Wahana Selular,Wahana Selular,5.0,40+ terjual
Samsung Galaxy A05s 6/128 RAM 6 ROM 128 GB 6GB 128GB,Rp1.891.000,Original-Link,Original-Link,5.0,250+ terjual
Samsung Galaxy S23 5G Garansi Resmi SEIN,Rp9.642.000,Senjaya Selindo,Senjaya Selindo,4.9,250+ terjual
Xiaomi Redmi A3 4GB/128GB RAM 4+4 GB ROM 128 GB Garansi ResmI,Rp1.130.500,PS.ONLINE OFFICIAL STORE,PS.ONLINE OFFICIAL STORE,4.9,100+ terjual
Realme C65 8/128GB 8/256GB Purple Black Helio G85 45W Garansi Resmi,Rp2.078.000,Digitech Mall,Digitech Mall,5.0,100+ terjual
xiaomi redmi 13c 6/128 ram 6/128gb new resmi,Rp1.490.000,SP Ponsel Medan,SP Ponsel Medan,5.0,70+ terjual
"vivo Y27 (6/128) - 50MP Camera, 44W FlashCharge+5000mAH",Rp1.697.000,vivo Indonesia,vivo Indonesia,4.9,500+ terjual
Official realme 13 8GB+8GB|256GB | 120Hz AMOLED Display | 67W SUPERVOOC Charge | 5000mAh Battery | Snapdragon 685 Chipset | Sony LYT-600 OIS Portrait Camera,Rp9.999.999,realme Official Store,realme Official Store,,
"vivo Y27s (8/128) - 50MP Camera, 44WFlashCharge, Snapdragon 680, IP54",Rp2.085.000,vivo Indonesia,vivo Indonesia,5.0,250+ terjual
"(NEW SEIN) Samsung Galaxy S24 Ultra | S24+ Plus 1TB / 512Gb / 256Gb - S24 8/256GB, PROMO",Rp11.750.000,EraZone,EraZone,5.0,100+ terjual
(RESMI) Samsung Galaxy Z Flip 6 Flip6 5G 256GB 512GB Blue Mint Silver Shadow Yellow,Rp15.190.000,Putra Group,Putra Group,5.0,10 terjual
Redmi A3,Rp1.130.500,jikalaku,jikalaku,5.0,750+ terjual
XIAOMI REDMI 13 NFC 8/256 8/128 GB RAM 8GB + 8GB ROM 256GB & 128GB GARANSI RESMI,Rp1.813.000,JJ SHOP PEDIA 2,JJ SHOP PEDIA 2,5.0,19 terjual
Samsung Galaxy S21 FE 5G 8GB/256GB ex Resmi Indo,Rp4.100.000,Laku6 Authorized Reseller,Laku6 Authorized Reseller,4.8,100+ terjual
OPPO A79 5G 8/256 GB Garansi Resmi OPPO A79 Not A38 A58 A77s A78 A98,Rp3.153.000,Distributor Ponsel,Distributor Ponsel,4.9,250+ terjual
OPPO Reno 8T 5G 8/128GB - Garansi Resmi,Rp2.974.500,Pandawatiga,Pandawatiga,4.8,30+ terjual
Samsung A05 4/64 Garansi Resmi SEIN,Rp1.240.000,TemanSeluler,TemanSeluler,5.0,100+ terjual
Samsung Galaxy A15 5G 8/256 GB Garansi Resmi SEIN,Rp3.143.000,Gudang-HP,Gudang-HP,4.9,90+ terjual
Xiaomi Redmi Note 12 Pro 5G 8/256GB Garansi Resmi,Rp3.526.000,Indotechstore,Indotechstore,5.0,750+ terjual
Vivo Y100 5G 8/128GB + 8/256GB Garansi Resmi Vivo Indoensia 1 tahun,Rp2.679.000,36shop,36shop,5.0,29 terjual
Samsung Galaxy A05 6/128 4/128 4/64 GB Resmi SEIN 4 64 4 128 6 128 GB,Rp1.186.000,Digitalisme,Digitalisme,4.8,3rb+ terjual
PONSEL REALME NARZO 50A RAM 4/64GB GARANSI RESMI,Rp1.261.000,Bintang Terang Cell,Bintang Terang Cell,4.9,500+ terjual
Samsung Galaxy A54 5G 8/256GB 8/128GB Garasni Resmi A54 Not A33 A34,Rp4.316.000,Distributor Ponsel,Distributor Ponsel,4.9,2rb+ terjual
Realme c63 NFC 6/128gb • Garansi realme indonesia,Rp1.765.000,Glamor Ponsel,Glamor Ponsel,5.0,13 terjual
Vivo X100 Pro 5G 16/512GB 12/256GB Dimensity 9300 Garansi Resmi,Rp10.453.000,Digitech Mall,Digitech Mall,4.9,50+ terjual
Samsung Galaxy S23 FE 8/256,Rp7.819.000,SUPER GADGET - Samsung Authorized,SUPER GADGET - Samsung Authorized,5.0,40+ terjual
realme c51s 6/128gb,Rp1.469.000,h_bibi store,h_bibi store,5.0,90+ terjual
Xiaomi Redmi A3 4/128 GB Garansi Resmi Indonesia,Rp1.178.000,HAKACELL,HAKACELL,5.0,40+ terjual
REALME C53 NFC RAM 6/128GB ( RAM 6GB & INTERNAL 128GB) GARANSI RESMI,Rp1.725.000,05Cell,05Cell,4.6,100+ terjual
Xiaomi Redmi A3 4/128 GB Garansi Resmi 4+4 128 GB Black Blue not a2,Rp1.135.000,Digitalisme,Digitalisme,5.0,250+ terjual
Realme Note 50 4/64 - 4/128 Garansi Resmi,Rp1.449.000,murah shoppers,murah shoppers,4.8,100+ terjual
Samsung A05 6/128 Garansi Resmi,Rp1.713.990,ACS,ACS,5.0,750+ terjual
OPPO A77s 8GB/128GB Smartphone (Garansi Resmi),Rp2.379.000,OPPO OFFICIAL STORE,OPPO OFFICIAL STORE,4.9,750+ terjual
Samsung Galaxy A55 5G 12/256 GB - Garansi Resmi Sein 1 Tahun,Rp6.199.000,metro cell wtc,metro cell wtc,5.0,100+ terjual
Xiaomi Redmi 13C 8GB/256GB Garansi Resmi Xiaomi Indonesia,Rp1.799.000,INTIKOM STORE,INTIKOM STORE,5.0,60+ terjual
Infinix Smart 8 4/128 GB Garansi Resmi - Instant Kurir,Rp1.179.000,Voucher Central,Voucher Central,5.0,500+ terjual
VIVO V30E 5G 8/256 GB - Garansi Resmi,Rp3.929.000,Wahana Selular,Wahana Selular,4.9,29 terjual
Samsung Galaxy A04s ram (4/128)GB Garansi Resmi,Rp1.358.000,Ori Selular,Ori Selular,5.0,21 terjual
XIAOMI REDMI 13C 8/256 GB REDMI 13C 6/128 GB GARANSI RESMI XIAOMI 13 C,Rp1.490.000,STR-STORE,STR-STORE,5.0,250+ terjual
Vivo Y03 4/128 GB 4/64 GB Y 03 Garansi Resmi Not Y02 t Y17 s Y27 s,Rp1.168.000,Distributor Ponsel,Distributor Ponsel,4.9,500+ terjual
Oppo A60 8/128GB 8/256GB Garansi Resmi 1 Tahun,Rp2.355.000,36shop,36shop,5.0,30+ terjual
Vivo Y28 (6/128 8/128 8/256) Garansi Resmi,Rp2.969.010,Ini Toko Budi,Ini Toko Budi,5.0,250+ terjual
Xiaomi Redmi Note 13 Pro 5G 8/256GB 6.67 Inch Garansi Resmi,Rp4.299.000,Andalas Cellular Bpn,Andalas Cellular Bpn,5.0,19 terjual
Xiaomi Redmi Note 13 5G 8/256 GB Garansi Resmi 8 256 GB not 12 8 11,Rp2.401.000,Digitalisme,Digitalisme,4.9,250+ terjual
Xiaomi Redmi 13C NFC Triple Camera AI 50MP 5000mAh - Garansi Resmi,Rp1.483.000,Doran Gadget Official Store,Doran Gadget Official Store,5.0,100+ terjual
Samsung Galaxy S23 Ultra 12/256 12/512 GB,Rp18.799.000,SUPER GADGET - Samsung Authorized,SUPER GADGET - Samsung Authorized,5.0,100+ terjual
Samsung Galaxy S24 Ultra 5G 12/1 TB 12/512 GB 12/256 GB Garansi Resmi,Rp18.025.000,Distributor Ponsel,Distributor Ponsel,4.9,1rb+ terjual
(RESMI) Samsung Galaxy S23 Ultra S23+ Plus S23 1TB 512GB 256GB 128GB,Rp12.799.000,Putra Group,Putra Group,5.0,1rb+ terjual
"vivo Y27s (8/256) - 50MP Camera, 44WFlashCharge, Snapdragon 680, IP54",Rp2.328.000,vivo Indonesia,vivo Indonesia,4.9,100+ terjual
Samsung Galaxy A35 5G 8/256GB 8/128GB Garansi Resmi - not Samsung A25 A34 A33 A32,Rp4.326.000,Indotechstore,Indotechstore,5.0,250+ terjual
VIVO X100 PRO 5G 16/512 & X100 5G 12/256 NEW GARANSI RESMI,Rp10.087.900,J3-SHOP,J3-SHOP,5.0,15 terjual
VIVO X100 PRO 5G 16/512 & X100 5G 12/256 NEW GARANSI RESMI,Rp10.087.900,J3-SHOP,J3-SHOP,5.0,15 terjual
OPPO A60 8/256 GB 6/128 GB NFC Garansi Resmi Purple Blue Not A38 A57 A58,Rp2.250.000,Distributor Ponsel,Distributor Ponsel,4.9,500+ terjual
SAMSUNG GALAXY A15 5G 8/256 & A15 4G 8/128 & 8/256 NEW GARANSI RESMI,Rp2.443.000,J3-SHOP,J3-SHOP,,6 terjual
Samsung Z Flip 6 12/512 GB 12/256 GB Garansi Resmi Z Flip6 Not Flip 5 Flip5,Rp14.570.000,Distributor Ponsel,Distributor Ponsel,5.0,100+ terjual
Vivo X100 Ultra 5G 16/512GB China ROM Snapdragon 8 Gen 3,Rp21.999.000,bililagi,bililagi,5.0,11 terjual
OPPO Reno11 5G 8GB/256GB (Garansi Resmi),Rp5.599.000,OPPO OFFICIAL STORE,OPPO OFFICIAL STORE,5.0,100+ terjual
Xiaomi Redmi Note 13 ram 8/256gb Garansi Resmi,Rp2.340.000,Garden Cell Official,Garden Cell Official,4.7,100+ terjual
Xiaomi Redmi Note 12 Pro 4G 6/128GB + 8/256GB Garansi Resmi,Rp2.813.000,duniagadgetku,duniagadgetku,4.9,100+ terjual
REALME 10 4G 8/128 GB | REALME10 4/128 GB GARANSI RESMI REALME,Rp1.599.900,189 CELL,189 CELL,4.7,70+ terjual
Samsung Galaxy S24 Ultra 12/1TB 12/512 12/256 GB Garansi SEIN not s23,Rp18.025.000,Digitalisme,Digitalisme,4.9,500+ terjual
(RESMI) Samsung Galaxy Z Flip 4 5G 128GB 256GB 512GB Purple Blue SEIN,Rp8.499.000,Putra Group,Putra Group,4.9,750+ terjual
"Samsung Galaxy Z Flip6 Online Exclusive, Smartphone AI, Smartphone Lipat, Android, Kamera 50MP",Rp17.499.000,Samsung Exclusive Official Store,Samsung Exclusive Official Store,,30+ terjual
(RESMI) Samsung Galaxy S24 Ultra S24+ Plus S24 1TB 512GB 256GB,Rp11.999.000,Putra Group,Putra Group,5.0,250+ terjual
[Bundling] Samsung Galaxy A35 5G 8/256GB + Adapter 25W,Rp4.719.000,SUPER GADGET - Samsung Authorized,SUPER GADGET - Samsung Authorized,5.0,8 terjual
"(RESMI) Samsung Galaxy S24 Ultra 256GB 512GB 1TB Black Gray - 12/256GB Promo, Titanium Violet",Rp17.444.000,Putra Group,Putra Group,5.0,500+ terjual
GOOGLE PIXEL 7 PRO 12-128GB Google Tensor G2 ORIGINAL SPEC GE2 FULLSET,Rp5.980.000,WT Teknologi,WT Teknologi,4.9,250+ terjual
VIVO V15 RAM 8 GB 256 GB - HP VIVO V 15,Rp980.000,Kuple Olshop,Kuple Olshop,4.7,100+ terjual
Xiaomi Redmi Note 13 Pro 5G 8GB/256GB Garansi Resmi Xiaomi Indonesia,Rp4.399.000,INTIKOM STORE,INTIKOM STORE,4.9,50+ terjual
Xiaomi Redmi 13C 6/128 GB | 8/256 GB Garansi Resmi,Rp1.430.000,NEW ERA PONSEL,NEW ERA PONSEL,5.0,1rb+ terjual
Xiaomi Poco C65 6/128 GB Garansi Resmi,Rp1.456.000,Gudang-HP,Gudang-HP,5.0,100+ terjual
REALME C53 NFC 6/128 | REALME C 53 8/256 GARANSI RESMI REALME,Rp1.149.900,189 CELL,189 CELL,5.0,250+ terjual
Realme C67 8/128GB & 8/256GB - Garansi Resmi,Rp1.988.500,Pandawatiga,Pandawatiga,5.0,19 terjual
"vivo V29 (8/256) - 50MP OIS Ultra-Sensing Camera, 80W FlashCharge",Rp4.811.000,vivo Indonesia,vivo Indonesia,4.9,250+ terjual
Samsung Galaxy A15 4G 8/128GB,Rp2.499.000,SUPER GADGET - Samsung Authorized,SUPER GADGET - Samsung Authorized,5.0,250+ terjual
Xiaomi Redmi Note 13 5G/4G 8/256Gb Garansi Resmi Tam,Rp3.365.010,Ini Toko Budi,Ini Toko Budi,4.9,90+ terjual
"vivo Y17s (4/128)-50MP Camera, 15WFlashCharge+5000mAH, IP54, 6.56"" HD+ - Forest Green",Rp1.499.000,vivo Indonesia,vivo Indonesia,5.0,750+ terjual
(RESMI) Samsung Galaxy Z Flip 5 5G 256GB 512GB Mint Graphite,Rp11.270.000,Putra Group,Putra Group,5.0,500+ terjual
realme C63 6GB+6GB* | 128GB 45W Fast Charge| 5000mAh Durable Battery | AI Boost Engine | 90Hz Eye Comfort Display |  50MP AI Camera,Rp1.940.000,realme Official Store,realme Official Store,4.9,100+ terjual
"vivo Y02t (4/64) - 5000mAh, Dual-Mode Camera, 6.51"" HD+ Big Screen",Rp1.249.000,vivo Indonesia,vivo Indonesia,4.9,750+ terjual
OPPO Reno 12F 5G / LTE 12/512 GB 12/256 GB Garansi Resmi Reno 12F 12 F Not Reno 11 Pro,Rp5.599.000,Distributor Ponsel,Distributor Ponsel,,1 terjual
Vivo Y100 5G 8GB 128GB 256GB 8/128 8/256 Garansi Resmi,Rp3.062.000,Digitech Mall,Digitech Mall,5.0,100+ terjual
Official Xiaomi 14 | Snapdragon® 8 Gen 3 Leica 75mm Light Fusion 900 image sensor,Rp11.999.000,Xiaomi Official Store,Xiaomi Official Store,4.9,100+ terjual
Samsung Galaxy S22 Ultra 5G 12GB/256GB ex Resmi Indo,Rp8.650.000,Laku6 Authorized Reseller,Laku6 Authorized Reseller,4.8,100+ terjual
Samsung A24 NFC 8/128GB RAM 8GB 128GB Garansi Resmi- black,Rp2.820.000,RR Numero Uno,RR Numero Uno,5.0,100+ terjual
Infinix Hot 40 Pro 8/256 | 12/256 GB Garansi Resmi 1 Tahun,Rp1.989.000,NEW ERA PONSEL,NEW ERA PONSEL,5.0,1rb+ terjual
Samsung Galaxy A05 6/128GB,Rp1.842.500,Samsung Official Store,Samsung Official Store,5.0,1rb+ terjual
Realme C65 NFC 8/256 8/128 GB Garansi Resmi 45 Watt Fast Charge,Rp2.142.000,Digitalisme,Digitalisme,4.9,100+ terjual
Xiaomi Mi 13T Pro 5G 12/256 GB 8/256 GB Garansi Resmi not Mi 12T 11T,Rp6.321.000,Digitech Mall,Digitech Mall,4.9,250+ terjual
Samsung A05s 6/128 GB - New garansi resmi Sein,Rp1.949.000,Ge2Gadget,Ge2Gadget,5.0,90+ terjual
XIAOMI REDMI 12C 4/128GB 4/64GB 3/32GB GARANSI RESMI XIAOMI INDONESIA,Rp1.299.000,GadgetIDN,GadgetIDN,5.0,11 terjual
(RESMI) Samsung Galaxy Z Fold 4 5G 256GB 512GB 1TB Black Beige,Rp15.799.000,Putra Group,Putra Group,5.0,500+ terjual
Samsung Galaxy Z Fold6 12/256GB | 12/512GB | 12/1TB Fold 6 Garansi Resmi,Rp23.139.000,Studio Ponsel,Studio Ponsel,5.0,7 terjual
(RESMI) iPhone 15 Pro Max Promax 1TB 512GB 256GB 128GB Black Natural White Blue Titanium,Rp21.854.000,Putra Group,Putra Group,5.0,750+ terjual
Samsung Galaxy Z Flip6 12/256GB | 12/512GB Flip 6 Garansi Resmi,Rp15.020.000,Studio Ponsel,Studio Ponsel,,3 terjual
(RESMI) iPhone 15 Pro 1TB 512GB 256GB 128GB Black Blue Natural White Titanium,Rp18.130.000,Putra Group,Putra Group,5.0,500+ terjual
Samsung Galaxy A05s 6/128 Garansi Resmi,Rp1.882.000,ACS,ACS,5.0,500+ terjual
Samsung A15 8/128 Gb Garansi Resmi SEIN,Rp2.455.000,TemanSeluler,TemanSeluler,4.9,90+ terjual
vivo Y100 4G,Rp2.773.500,jikalaku,jikalaku,5.0,40+ terjual
Oppo A18 4G LTE 4/128 GB 4/64 GB Garansi Resmi not A17 A57 A 18,Rp1.367.000,Digitech Mall,Digitech Mall,4.9,500+ terjual
REALME C53 RAM 6/128GB NFC | REALME C 53 6/128 GARANSI RESMI REALME,Rp1.649.000,Grandstore cell,Grandstore cell,5.0,100+ terjual
Vivo Y28 8/256GB 8/128GB 6/128GB Garansi Resmi - not Vivo Y27 V27e Y22 Y100 Y27s,Rp1.976.000,Indotechstore,Indotechstore,4.9,250+ terjual
Infinix SMART 8 4+4*/128GB Ram 4GB+4GB Rom 128GB Garansi Resmi - black,Rp1.130.000,RR Numero Uno,RR Numero Uno,4.8,50+ terjual
Samsung Galaxy A25 5G 8/256GB,Rp3.976.500,Samsung Official Store,Samsung Official Store,4.9,250+ terjual
Samsung Galaxy S24 8/512GB Handphone AI,Rp14.648.000,Samsung Official Store,Samsung Official Store,4.9,100+ terjual
Xiaomi Redmi Note 13 Pro 5G Garansi Resmi,Rp3.346.000,Ini Toko Budi,Ini Toko Budi,4.9,1rb+ terjual
Samsung Galaxy A52S 5G 8GB/256GB ex Resmi Indo,Rp2.750.000,Laku6 Authorized Reseller,Laku6 Authorized Reseller,4.6,90+ terjual
VIVO Y03 RAM 4/64 - GARANSI RESMI,Rp1.155.000,Wahana Selular,Wahana Selular,5.0,50+ terjual
"Xiaomi Redmi 13c (Ram 6/8GB, ROm 128/256GBLayar Smooth 90Hz)",Rp1.499.000,TIGA PUTRA HP CENTER,TIGA PUTRA HP CENTER,5.0,60+ terjual
Samsung Galaxy A14 5G ram 6/128 Garansi Resmi,Rp2.280.000,L 10 Nel,L 10 Nel,4.9,250+ terjual
Samsung Galaxy A35 5G 8/128 8/256 GB RAM 8GB 128GB 256GB Garansi SEIN,Rp4.500.000,Original-Link,Original-Link,5.0,250+ terjual
Infinix Smart 8 3/64GB [+3GB Extended RAM] Garansi Resmi 1 Tahun,Rp1.067.500,Tube Gadget,Tube Gadget,4.9,100+ terjual
Xiaomi redmi note 13 pro plus  5g ram 12/512gb garansi resmi,Rp5.740.000,Garden Cell Official,Garden Cell Official,5.0,30+ terjual
Samsung Galaxy A15 5G 4G 8/128GB 8/256GB Original Garansi Resmi SEIN,Rp2.645.000,Osmo Gadget,Osmo Gadget,5.0,500+ terjual
Xiaomi Redmi Note 13 4G 8/128GB 8/256GB 5G 8/256GB,Rp2.305.000,Myfon Teleshop Official,Myfon Teleshop Official,5.0,19 terjual
Samsung Galaxy A15 5G 8/256 GB New Garansi Resmi Sein,Rp3.099.000,Alpa Phone,Alpa Phone,5.0,50+ terjual
VIVO Y100 5G 8/128 & 8/256 GB NEW GARANSI RESMI,Rp3.109.000,KStore_,KStore_,5.0,16 terjual
Infinix Note 40 8/256 GB Garansi Resmi,Rp2.416.000,MetaCore,MetaCore,5.0,80+ terjual
Samsung Galaxy A15 8/128 GB Garansi Resmi,Rp2.525.000,Farish M,Farish M,5.0,6 terjual
Xiaomi Redmi Note 13 ram 8/128gb Garansi Resmi,Rp2.150.000,Garden Cell Official,Garden Cell Official,5.0,40+ terjual
Samsung Galaxy A05 4/64Gb 4/128Gb 6/128Gb garansi Resmi SEIN,Rp1.235.000,Pada Suka Phone,Pada Suka Phone,5.0,100+ terjual
OPPO A18 RAM 4/128 GB | OPPO A 18 4/128GB GARANSI RESMI OPPO INDONESIA,Rp1.299.900,189 CELL,189 CELL,4.9,250+ terjual
GOOGLE PIXEL 6 5G 8-128GB SECOND ORIGNAL SPEC GR1YH,Rp3.300.000,GoldenCityCell,GoldenCityCell,4.9,250+ terjual
XIAOMI NOTE 12 RAM 8GB DAN ROM 128GB BERGARANSI RESMI INDONESIA ,Rp1.985.000,05Cell,05Cell,4.8,90+ terjual
GOOGLE PIXEL 5  8-128GB 5G SECOND ORIGNAL.,Rp2.300.000,GoldenCityCell,GoldenCityCell,4.9,250+ terjual
Apple iPhone 13 128GB | 256GB | 512GB - Garansi Resmi iBox Apple Indo,Rp9.652.000,Universe Store,Universe Store,5.0,6rb+ terjual
Xiaomi Redmi A3 4/128GB Garansi Resmi - not Redmi A2 A1,Rp1.126.000,Indotechstore,Indotechstore,5.0,1rb+ terjual
XIAOMI POCO M5 4/64 GB 4/128 GB GARANSI RESMI GARANSI TAM G99 NFC,Rp1.676.160,SM-Original,SM-Original,5.0,100+ terjual
PROMO Handphone 13C RAM 8GB 256GB ORIGINAL GARANSI 2 TAHUN,Rp1.229.000,toko samsul huda,toko samsul huda,4.8,100+ terjual
VIVO Y33S RAM 8/256GB FULLSET GARANSI 1 TAHUN,Rp949.000,Bestphonestore55,Bestphonestore55,4.5,40+ terjual
Infinix Note 40 Pro 5G 8/256GB NFC G99 Ultimate Garansi Resmi Not 30 Plus,Rp3.225.000,Digitech Mall,Digitech Mall,5.0,100+ terjual
Offical realme Note 50 HP 4GB+128GB 90Hz Vivid Display | Mini Capsule,Rp1.503.000,realme Official Store,realme Official Store,4.9,250+ terjual
(RESMI) Samsung Galaxy Z Fold 5 5G 256GB 512GB 1TB Ice Blue Black,Rp19.110.000,Putra Group,Putra Group,5.0,500+ terjual
realme Note 50 4GB/64GB | 4GB/128GB (90Hz Vivid Display | Mini Capsule | Ultra Slim Body | 13 MP AI Camera | 5000mAh Battery),Rp1.319.000,realme Authorized Store,realme Authorized Store,5.0,15 terjual
Infinix Note 40 Pro Plus 5G 12/256 Garansi Resmi Infinix 1 Tahun,Rp4.329.000,duamaretcell,duamaretcell,5.0,3 terjual
Oppo A98 5g 8/256 Second Like New,Rp2.900.000,Ady99_Store,Ady99_Store,,
